timestamp,cell_id,internet_traffic
2013-10-31 23:00:00+00:00,9408,26.48312473665375
2013-11-01 00:00:00+00:00,9408,22.238339638868826
2013-11-01 01:00:00+00:00,9408,21.279580503068853
2013-11-01 02:00:00+00:00,9408,18.83752054260721
2013-11-01 03:00:00+00:00,9408,20.17899624596291
2013-11-01 04:00:00+00:00,9408,18.76794285376424
2013-11-01 05:00:00+00:00,9408,21.87770869920582
2013-11-01 06:00:00+00:00,9408,21.96872112435278
2013-11-01 07:00:00+00:00,9408,28.997920985752206
2013-11-01 08:00:00+00:00,9408,36.67487001289794
2013-11-01 09:00:00+00:00,9408,48.334094966724365
2013-11-01 10:00:00+00:00,9408,43.90163668150045
2013-11-01 11:00:00+00:00,9408,48.41415700239755
2013-11-01 12:00:00+00:00,9408,45.332484604933256
2013-11-01 13:00:00+00:00,9408,47.18135715888774
2013-11-01 14:00:00+00:00,9408,49.38877270156483
2013-11-01 15:00:00+00:00,9408,44.9531762379634
2013-11-01 16:00:00+00:00,9408,44.17379691579908
2013-11-01 17:00:00+00:00,9408,51.57459351640034
2013-11-01 18:00:00+00:00,9408,39.16093699360993
2013-11-01 19:00:00+00:00,9408,38.223616430548404
2013-11-01 20:00:00+00:00,9408,37.60164725850062
2013-11-01 21:00:00+00:00,9408,31.959961876681234
2013-11-01 22:00:00+00:00,9408,28.439704191971188
2013-11-01 23:00:00+00:00,9408,24.590971957752764
2013-11-02 00:00:00+00:00,9408,19.78132703942049
2013-11-02 01:00:00+00:00,9408,22.03148382049843
2013-11-02 02:00:00+00:00,9408,18.405745684031253
2013-11-02 03:00:00+00:00,9408,19.22823913912059
2013-11-02 04:00:00+00:00,9408,22.50825718060918
2013-11-02 05:00:00+00:00,9408,22.025190353038926
2013-11-02 06:00:00+00:00,9408,26.762201643169725
2013-11-02 07:00:00+00:00,9408,33.16670876944106
2013-11-02 08:00:00+00:00,9408,38.03842117020619
2013-11-02 09:00:00+00:00,9408,42.43258038967019
2013-11-02 10:00:00+00:00,9408,41.35023630573307
2013-11-02 11:00:00+00:00,9408,39.13053677464695
2013-11-02 12:00:00+00:00,9408,46.70145698286671
2013-11-02 13:00:00+00:00,9408,40.28483671594566
2013-11-02 14:00:00+00:00,9408,44.777182122682895
2013-11-02 15:00:00+00:00,9408,43.69924860087302
2013-11-02 16:00:00+00:00,9408,39.98006250323764
2013-11-02 17:00:00+00:00,9408,47.03551127495932
2013-11-02 18:00:00+00:00,9408,43.50625581696353
2013-11-02 19:00:00+00:00,9408,41.20755959704146
2013-11-02 20:00:00+00:00,9408,42.77730504190585
2013-11-02 21:00:00+00:00,9408,36.83035769722438
2013-11-02 22:00:00+00:00,9408,34.571321937764495
2013-11-02 23:00:00+00:00,9408,28.840713157295596
2013-11-03 00:00:00+00:00,9408,22.970796920994594
2013-11-03 01:00:00+00:00,9408,21.99380455040985
2013-11-03 02:00:00+00:00,9408,25.07330228334222
2013-11-03 03:00:00+00:00,9408,22.142732975862486
2013-11-03 04:00:00+00:00,9408,21.095957063503807
2013-11-03 05:00:00+00:00,9408,18.535815866255792
2013-11-03 06:00:00+00:00,9408,20.609711109579298
2013-11-03 07:00:00+00:00,9408,24.97692985179387
2013-11-03 08:00:00+00:00,9408,34.9066362052819
2013-11-03 09:00:00+00:00,9408,42.76502968963006
2013-11-03 10:00:00+00:00,9408,47.02573814631299
2013-11-03 11:00:00+00:00,9408,42.994881015710604
2013-11-03 12:00:00+00:00,9408,45.51554998489398
2013-11-03 13:00:00+00:00,9408,47.323496895215506
2013-11-03 14:00:00+00:00,9408,46.636652401136274
2013-11-03 15:00:00+00:00,9408,43.31914309632446
2013-11-03 16:00:00+00:00,9408,48.975011666216034
2013-11-03 17:00:00+00:00,9408,46.922861598196235
2013-11-03 18:00:00+00:00,9408,48.04454239646551
2013-11-03 19:00:00+00:00,9408,48.146844167215406
2013-11-03 20:00:00+00:00,9408,41.83163878625689
2013-11-03 21:00:00+00:00,9408,38.01878366877624
2013-11-03 22:00:00+00:00,9408,29.865402200826292
2013-11-03 23:00:00+00:00,9408,26.26451441155988
2013-11-04 00:00:00+00:00,9408,21.641155865839213
2013-11-04 01:00:00+00:00,9408,14.85097078184246
2013-11-04 02:00:00+00:00,9408,18.771815258231033
2013-11-04 03:00:00+00:00,9408,18.23413733591518
2013-11-04 04:00:00+00:00,9408,21.61346521540678
2013-11-04 05:00:00+00:00,9408,27.193362030278553
2013-11-04 06:00:00+00:00,9408,45.55432014957847
2013-11-04 07:00:00+00:00,9408,55.44134491244424
2013-11-04 08:00:00+00:00,9408,44.21694449924126
2013-11-04 09:00:00+00:00,9408,42.68720690647975
2013-11-04 10:00:00+00:00,9408,54.070544866158
2013-11-04 11:00:00+00:00,9408,49.32735968484087
2013-11-04 12:00:00+00:00,9408,61.30487550627859
2013-11-04 13:00:00+00:00,9408,49.87781252818225
2013-11-04 14:00:00+00:00,9408,48.20940934954071
2013-11-04 15:00:00+00:00,9408,50.404651770214635
2013-11-04 16:00:00+00:00,9408,47.52534502031766
2013-11-04 17:00:00+00:00,9408,48.88570141486582
2013-11-04 18:00:00+00:00,9408,59.83649533334378
2013-11-04 19:00:00+00:00,9408,48.473322470890665
2013-11-04 20:00:00+00:00,9408,41.835181343836354
2013-11-04 21:00:00+00:00,9408,40.976082139629035
2013-11-04 22:00:00+00:00,9408,35.61702712427159
2013-11-04 23:00:00+00:00,9408,25.31173185537236
2013-11-05 00:00:00+00:00,9408,20.376030965752665
2013-11-05 01:00:00+00:00,9408,19.853536657757303
2013-11-05 02:00:00+00:00,9408,21.550988125805276
2013-11-05 03:00:00+00:00,9408,20.341846553832614
2013-11-05 04:00:00+00:00,9408,22.392601233862077
2013-11-05 05:00:00+00:00,9408,33.69059066468977
2013-11-05 06:00:00+00:00,9408,49.99735870720874
2013-11-05 07:00:00+00:00,9408,57.05627446230174
2013-11-05 08:00:00+00:00,9408,50.91496523219243
2013-11-05 09:00:00+00:00,9408,45.869301877686574
2013-11-05 10:00:00+00:00,9408,47.464311372228835
2013-11-05 11:00:00+00:00,9408,52.38518872657083
2013-11-05 12:00:00+00:00,9408,68.17675104416459
2013-11-05 13:00:00+00:00,9408,55.77825721286717
2013-11-05 14:00:00+00:00,9408,49.52900553444181
2013-11-05 15:00:00+00:00,9408,53.365931257512486
2013-11-05 16:00:00+00:00,9408,50.32681229880355
2013-11-05 17:00:00+00:00,9408,63.0128152195865
2013-11-05 18:00:00+00:00,9408,49.21532585405198
2013-11-05 19:00:00+00:00,9408,49.12520019230118
2013-11-05 20:00:00+00:00,9408,50.49971902670454
2013-11-05 21:00:00+00:00,9408,42.826984600661504
2013-11-05 22:00:00+00:00,9408,30.419397239903475
2013-11-05 23:00:00+00:00,9408,26.934344116534966
2013-11-06 00:00:00+00:00,9408,19.82272622913268
2013-11-06 01:00:00+00:00,9408,17.029069916193276
2013-11-06 02:00:00+00:00,9408,16.11680409934331
2013-11-06 03:00:00+00:00,9408,16.483666217934204
2013-11-06 04:00:00+00:00,9408,20.34165196660043
2013-11-06 05:00:00+00:00,9408,26.568801151059553
2013-11-06 06:00:00+00:00,9408,40.67025246736125
2013-11-06 07:00:00+00:00,9408,55.05836587099645
2013-11-06 08:00:00+00:00,9408,52.61073092936809
2013-11-06 09:00:00+00:00,9408,43.44671296487621
2013-11-06 10:00:00+00:00,9408,40.40068584660045
2013-11-06 11:00:00+00:00,9408,47.822630558966985
2013-11-06 12:00:00+00:00,9408,50.40718538534411
2013-11-06 13:00:00+00:00,9408,42.93079656662097
2013-11-06 14:00:00+00:00,9408,48.22267630736626
2013-11-06 15:00:00+00:00,9408,46.58731024528067
2013-11-06 16:00:00+00:00,9408,47.963937650385134
2013-11-06 17:00:00+00:00,9408,45.75041404564378
2013-11-06 18:00:00+00:00,9408,50.92104952289567
2013-11-06 19:00:00+00:00,9408,44.52420009622203
2013-11-06 20:00:00+00:00,9408,49.50189597369812
2013-11-06 21:00:00+00:00,9408,34.323861003107695
2013-11-06 22:00:00+00:00,9408,30.986888177438534
2013-11-06 23:00:00+00:00,9408,23.26713166075655
2013-11-07 00:00:00+00:00,9408,22.444759618358262
2013-11-07 01:00:00+00:00,9408,20.130654499279977
2013-11-07 02:00:00+00:00,9408,22.09530668553589
2013-11-07 03:00:00+00:00,9408,21.17761510415496
2013-11-07 04:00:00+00:00,9408,20.524991434721667
2013-11-07 05:00:00+00:00,9408,28.016695338620654
2013-11-07 06:00:00+00:00,9408,39.311951538621074
2013-11-07 07:00:00+00:00,9408,52.72457451648545
2013-11-07 08:00:00+00:00,9408,41.72950750661601
2013-11-07 09:00:00+00:00,9408,43.97097373296118
2013-11-07 10:00:00+00:00,9408,44.37172609471761
2013-11-07 11:00:00+00:00,9408,48.11570862275133
2013-11-07 12:00:00+00:00,9408,47.4225520070095
2013-11-07 13:00:00+00:00,9408,47.59115226077095
2013-11-07 14:00:00+00:00,9408,45.86838798572052
2013-11-07 15:00:00+00:00,9408,43.17979367555433
2013-11-07 16:00:00+00:00,9408,40.70779977354792
2013-11-07 17:00:00+00:00,9408,44.186779391946445
2013-11-07 18:00:00+00:00,9408,42.7587193676346
2013-11-07 19:00:00+00:00,9408,41.70410974403361
2013-11-07 20:00:00+00:00,9408,43.48622116334354
2013-11-07 21:00:00+00:00,9408,36.38414202580428
2013-11-07 22:00:00+00:00,9408,25.969482699873723
2013-11-07 23:00:00+00:00,9408,21.494688745184124
2013-11-08 00:00:00+00:00,9408,21.40442891703977
2013-11-08 01:00:00+00:00,9408,20.107988397780996
2013-11-08 02:00:00+00:00,9408,17.861704883221485
2013-11-08 03:00:00+00:00,9408,17.661236755699406
2013-11-08 04:00:00+00:00,9408,18.62402985595162
2013-11-08 05:00:00+00:00,9408,26.781124966505775
2013-11-08 06:00:00+00:00,9408,41.5135906612679
2013-11-08 07:00:00+00:00,9408,43.054670646282894
2013-11-08 08:00:00+00:00,9408,36.19528457000054
2013-11-08 09:00:00+00:00,9408,38.83227036093125
2013-11-08 10:00:00+00:00,9408,38.259806576758095
2013-11-08 11:00:00+00:00,9408,45.39971408401903
2013-11-08 12:00:00+00:00,9408,48.08154422856776
2013-11-08 13:00:00+00:00,9408,49.308842398026826
2013-11-08 14:00:00+00:00,9408,46.049116222026804
2013-11-08 15:00:00+00:00,9408,41.82108018368763
2013-11-08 16:00:00+00:00,9408,50.36467630526333
2013-11-08 17:00:00+00:00,9408,46.80205854657296
2013-11-08 18:00:00+00:00,9408,48.52684761191744
2013-11-08 19:00:00+00:00,9408,44.667891154945025
2013-11-08 20:00:00+00:00,9408,40.89344917563453
2013-11-08 21:00:00+00:00,9408,35.31247850610713
2013-11-08 22:00:00+00:00,9408,34.16244640199993
2013-11-08 23:00:00+00:00,9408,26.685825061008376
2013-11-09 00:00:00+00:00,9408,23.164918449814458
2013-11-09 01:00:00+00:00,9408,20.983408030347224
2013-11-09 02:00:00+00:00,9408,17.965932811882496
2013-11-09 03:00:00+00:00,9408,22.781432415844748
2013-11-09 04:00:00+00:00,9408,20.139046722114312
2013-11-09 05:00:00+00:00,9408,23.113375057856977
2013-11-09 06:00:00+00:00,9408,28.369691395845447
2013-11-09 07:00:00+00:00,9408,34.81511190219228
2013-11-09 08:00:00+00:00,9408,40.96017626585543
2013-11-09 09:00:00+00:00,9408,41.0473295428161
2013-11-09 10:00:00+00:00,9408,49.44718516888916
2013-11-09 11:00:00+00:00,9408,44.13796638306824
2013-11-09 12:00:00+00:00,9408,39.16627091006558
2013-11-09 13:00:00+00:00,9408,43.32436465391869
2013-11-09 14:00:00+00:00,9408,49.711598696982946
2013-11-09 15:00:00+00:00,9408,42.64765249594407
2013-11-09 16:00:00+00:00,9408,45.59110576990839
2013-11-09 17:00:00+00:00,9408,46.70036696097619
2013-11-09 18:00:00+00:00,9408,46.45875313509997
2013-11-09 19:00:00+00:00,9408,43.67578857801632
2013-11-09 20:00:00+00:00,9408,37.89272574295646
2013-11-09 21:00:00+00:00,9408,38.71637408373879
2013-11-09 22:00:00+00:00,9408,34.52141208286095
2013-11-09 23:00:00+00:00,9408,32.167446605944754
2013-11-10 00:00:00+00:00,9408,24.601762288447606
2013-11-10 01:00:00+00:00,9408,22.45733411995573
2013-11-10 02:00:00+00:00,9408,18.743359773495484
2013-11-10 03:00:00+00:00,9408,16.885337580662018
2013-11-10 04:00:00+00:00,9408,17.8588475474158
2013-11-10 05:00:00+00:00,9408,19.423186753415973
2013-11-10 06:00:00+00:00,9408,22.871051706040326
2013-11-10 07:00:00+00:00,9408,24.28146112623292
2013-11-10 08:00:00+00:00,9408,32.781558738653644
2013-11-10 09:00:00+00:00,9408,35.95872291171498
2013-11-10 10:00:00+00:00,9408,39.4327379383322
2013-11-10 11:00:00+00:00,9408,38.67925248962901
2013-11-10 12:00:00+00:00,9408,39.819067887869984
2013-11-10 13:00:00+00:00,9408,45.488587912327276
2013-11-10 14:00:00+00:00,9408,44.79474651956639
2013-11-10 15:00:00+00:00,9408,41.754956377182644
2013-11-10 16:00:00+00:00,9408,47.72079974456134
2013-11-10 17:00:00+00:00,9408,49.719163491033896
2013-11-10 18:00:00+00:00,9408,43.88781164629715
2013-11-10 19:00:00+00:00,9408,42.09078322604342
2013-11-10 20:00:00+00:00,9408,35.382119497646244
2013-11-10 21:00:00+00:00,9408,32.581826219256556
2013-11-10 22:00:00+00:00,9408,29.90691922998242
2013-11-10 23:00:00+00:00,9408,26.63690600030798
2013-11-11 00:00:00+00:00,9408,22.14432865635192
2013-11-11 01:00:00+00:00,9408,20.30736158663336
2013-11-11 02:00:00+00:00,9408,20.05922234261181
2013-11-11 03:00:00+00:00,9408,19.226647836373537
2013-11-11 04:00:00+00:00,9408,20.70635236146828
2013-11-11 05:00:00+00:00,9408,26.260720439145473
2013-11-11 06:00:00+00:00,9408,36.42581786768388
2013-11-11 07:00:00+00:00,9408,37.68054286990325
2013-11-11 08:00:00+00:00,9408,35.813366887802225
2013-11-11 09:00:00+00:00,9408,41.80001487361146
2013-11-11 10:00:00+00:00,9408,39.51296920530189
2013-11-11 11:00:00+00:00,9408,44.87080099579996
2013-11-11 12:00:00+00:00,9408,52.49645960414038
2013-11-11 13:00:00+00:00,9408,49.23349541557281
2013-11-11 14:00:00+00:00,9408,42.75690318536741
2013-11-11 15:00:00+00:00,9408,42.9594227631864
2013-11-11 16:00:00+00:00,9408,40.025249226254004
2013-11-11 17:00:00+00:00,9408,45.94311880299596
2013-11-11 18:00:00+00:00,9408,43.345246705314864
2013-11-11 19:00:00+00:00,9408,42.97257404268088
2013-11-11 20:00:00+00:00,9408,45.737801745723374
2013-11-11 21:00:00+00:00,9408,28.939013535895487
2013-11-11 22:00:00+00:00,9408,30.68700148362546
2013-11-11 23:00:00+00:00,9408,21.455819642465077
2013-11-12 00:00:00+00:00,9408,22.866513487064186
2013-11-12 01:00:00+00:00,9408,18.12955494624166
2013-11-12 02:00:00+00:00,9408,15.7562469064985
2013-11-12 03:00:00+00:00,9408,15.42484869095755
2013-11-12 04:00:00+00:00,9408,16.922234633842297
2013-11-12 05:00:00+00:00,9408,23.81179083538342
2013-11-12 06:00:00+00:00,9408,38.774029806606094
2013-11-12 07:00:00+00:00,9408,41.35747818307861
2013-11-12 08:00:00+00:00,9408,39.545216266541416
2013-11-12 09:00:00+00:00,9408,37.66066037538565
2013-11-12 10:00:00+00:00,9408,37.33625059602956
2013-11-12 11:00:00+00:00,9408,41.76296807147997
2013-11-12 12:00:00+00:00,9408,51.30186942201916
2013-11-12 13:00:00+00:00,9408,42.4019818613832
2013-11-12 14:00:00+00:00,9408,39.57269310172016
2013-11-12 15:00:00+00:00,9408,40.10893072436908
2013-11-12 16:00:00+00:00,9408,38.99866032837141
2013-11-12 17:00:00+00:00,9408,39.17804287489359
2013-11-12 18:00:00+00:00,9408,37.273535380385745
2013-11-12 19:00:00+00:00,9408,40.69085404745012
2013-11-12 20:00:00+00:00,9408,38.73625963960388
2013-11-12 21:00:00+00:00,9408,34.54592354710977
2013-11-12 22:00:00+00:00,9408,26.76859585945612
2013-11-12 23:00:00+00:00,9408,22.087053833587568
2013-11-13 00:00:00+00:00,9408,17.80866626544284
2013-11-13 01:00:00+00:00,9408,19.814022821049583
2013-11-13 02:00:00+00:00,9408,17.083309070955508
2013-11-13 03:00:00+00:00,9408,16.36246218983597
2013-11-13 04:00:00+00:00,9408,17.85569711440364
2013-11-13 05:00:00+00:00,9408,28.713701998969587
2013-11-13 06:00:00+00:00,9408,36.548201543178685
2013-11-13 07:00:00+00:00,9408,41.317869745804515
2013-11-13 08:00:00+00:00,9408,36.04565093361478
2013-11-13 09:00:00+00:00,9408,38.8024017284153
2013-11-13 10:00:00+00:00,9408,38.302348391023294
2013-11-13 11:00:00+00:00,9408,44.12897758514479
2013-11-13 12:00:00+00:00,9408,48.612833724222
2013-11-13 13:00:00+00:00,9408,52.094820452999215
2013-11-13 14:00:00+00:00,9408,43.638820299451666
2013-11-13 15:00:00+00:00,9408,52.67901961234262
2013-11-13 16:00:00+00:00,9408,43.20384749839597
2013-11-13 17:00:00+00:00,9408,46.79962120001495
2013-11-13 18:00:00+00:00,9408,52.39110149209603
2013-11-13 19:00:00+00:00,9408,41.309617550041004
2013-11-13 20:00:00+00:00,9408,35.31693278848135
2013-11-13 21:00:00+00:00,9408,29.993989325676576
2013-11-13 22:00:00+00:00,9408,28.328877367294005
2013-11-13 23:00:00+00:00,9408,20.925381135558744
2013-11-14 00:00:00+00:00,9408,16.209878055477073
2013-11-14 01:00:00+00:00,9408,15.556303994950033
2013-11-14 02:00:00+00:00,9408,17.188548150008227
2013-11-14 03:00:00+00:00,9408,14.734510503244056
2013-11-14 04:00:00+00:00,9408,14.747853555733293
2013-11-14 05:00:00+00:00,9408,22.897283652124997
2013-11-14 06:00:00+00:00,9408,39.790431281848555
2013-11-14 07:00:00+00:00,9408,45.93326447581753
2013-11-14 08:00:00+00:00,9408,47.568365088290136
2013-11-14 09:00:00+00:00,9408,39.7695848534365
2013-11-14 10:00:00+00:00,9408,40.838048257333
2013-11-14 11:00:00+00:00,9408,45.22854282597506
2013-11-14 12:00:00+00:00,9408,55.67532847763003
2013-11-14 13:00:00+00:00,9408,46.52903563446875
2013-11-14 14:00:00+00:00,9408,44.98900937109979
2013-11-14 15:00:00+00:00,9408,43.88031169008217
2013-11-14 16:00:00+00:00,9408,44.50013169543143
2013-11-14 17:00:00+00:00,9408,41.80480387183549
2013-11-14 18:00:00+00:00,9408,50.46818170555537
2013-11-14 19:00:00+00:00,9408,45.21954004704145
2013-11-14 20:00:00+00:00,9408,40.182174336143305
2013-11-14 21:00:00+00:00,9408,38.81375335811778
2013-11-14 22:00:00+00:00,9408,30.490603213006718
2013-11-14 23:00:00+00:00,9408,23.4006515210971
2013-11-15 00:00:00+00:00,9408,22.27038725016974
2013-11-15 01:00:00+00:00,9408,21.84556368131397
2013-11-15 02:00:00+00:00,9408,22.0821720985246
2013-11-15 03:00:00+00:00,9408,21.017467563302716
2013-11-15 04:00:00+00:00,9408,19.60392986988544
2013-11-15 05:00:00+00:00,9408,22.63937905162924
2013-11-15 06:00:00+00:00,9408,35.82843723224594
2013-11-15 07:00:00+00:00,9408,43.31979183132965
2013-11-15 08:00:00+00:00,9408,41.543946507636214
2013-11-15 09:00:00+00:00,9408,40.86169161893065
2013-11-15 10:00:00+00:00,9408,38.51552267382631
2013-11-15 11:00:00+00:00,9408,40.16919478417564
2013-11-15 12:00:00+00:00,9408,49.99674848376226
2013-11-15 13:00:00+00:00,9408,52.408124163684285
2013-11-15 14:00:00+00:00,9408,52.68004717537785
2013-11-15 15:00:00+00:00,9408,52.036418828829966
2013-11-15 16:00:00+00:00,9408,47.16501055226927
2013-11-15 17:00:00+00:00,9408,51.43142148771687
2013-11-15 18:00:00+00:00,9408,50.632108097740684
2013-11-15 19:00:00+00:00,9408,41.92635021376682
2013-11-15 20:00:00+00:00,9408,40.706051091416654
2013-11-15 21:00:00+00:00,9408,38.18169355879897
2013-11-15 22:00:00+00:00,9408,28.43421560127705
2013-11-15 23:00:00+00:00,9408,24.26000966744171
2013-11-16 00:00:00+00:00,9408,24.60354678633628
2013-11-16 01:00:00+00:00,9408,22.92364674072182
2013-11-16 02:00:00+00:00,9408,16.277528678661273
2013-11-16 03:00:00+00:00,9408,16.770144167750978
2013-11-16 04:00:00+00:00,9408,16.893238192774042
2013-11-16 05:00:00+00:00,9408,17.773266070732532
2013-11-16 06:00:00+00:00,9408,21.822446504614344
2013-11-16 07:00:00+00:00,9408,32.075672101883264
2013-11-16 08:00:00+00:00,9408,36.10995963200756
2013-11-16 09:00:00+00:00,9408,39.37086029397557
2013-11-16 10:00:00+00:00,9408,39.35817343837364
2013-11-16 11:00:00+00:00,9408,41.79286091035811
2013-11-16 12:00:00+00:00,9408,40.728959792766545
2013-11-16 13:00:00+00:00,9408,44.49733560874179
2013-11-16 14:00:00+00:00,9408,50.36047660329438
2013-11-16 15:00:00+00:00,9408,40.78605294471101
2013-11-16 16:00:00+00:00,9408,38.74570986196031
2013-11-16 17:00:00+00:00,9408,43.025860444559264
2013-11-16 18:00:00+00:00,9408,46.147096267617314
2013-11-16 19:00:00+00:00,9408,41.0636651682897
2013-11-16 20:00:00+00:00,9408,42.03759542167006
2013-11-16 21:00:00+00:00,9408,39.728151514889426
2013-11-16 22:00:00+00:00,9408,37.74813052299768
2013-11-16 23:00:00+00:00,9408,25.42546754131215
2013-11-17 00:00:00+00:00,9408,20.49314648570833
2013-11-17 01:00:00+00:00,9408,21.394825744958588
2013-11-17 02:00:00+00:00,9408,16.295649142783997
2013-11-17 03:00:00+00:00,9408,16.221146824462107
2013-11-17 04:00:00+00:00,9408,16.706543838529928
2013-11-17 05:00:00+00:00,9408,16.4551294658262
2013-11-17 06:00:00+00:00,9408,18.82155021318153
2013-11-17 07:00:00+00:00,9408,22.443958114259516
2013-11-17 08:00:00+00:00,9408,29.069734219693633
2013-11-17 09:00:00+00:00,9408,37.84757562319709
2013-11-17 10:00:00+00:00,9408,40.42723828936858
2013-11-17 11:00:00+00:00,9408,37.516185640656126
2013-11-17 12:00:00+00:00,9408,39.90934739868148
2013-11-17 13:00:00+00:00,9408,45.23687646688262
2013-11-17 14:00:00+00:00,9408,38.44648300149621
2013-11-17 15:00:00+00:00,9408,44.3354101910086
2013-11-17 16:00:00+00:00,9408,51.11402437285688
2013-11-17 17:00:00+00:00,9408,47.17325859074558
2013-11-17 18:00:00+00:00,9408,42.93409937530459
2013-11-17 19:00:00+00:00,9408,36.54339422690187
2013-11-17 20:00:00+00:00,9408,37.677527014541944
2013-11-17 21:00:00+00:00,9408,36.37380316485522
2013-11-17 22:00:00+00:00,9408,28.187471467009868
2013-11-17 23:00:00+00:00,9408,18.7412978666623
2013-11-18 00:00:00+00:00,9408,13.88134489147719
2013-11-18 01:00:00+00:00,9408,13.945700480000992
2013-11-18 02:00:00+00:00,9408,12.011175272118814
2013-11-18 03:00:00+00:00,9408,12.747952245859562
2013-11-18 04:00:00+00:00,9408,17.068512644207644
2013-11-18 05:00:00+00:00,9408,22.286715017697993
2013-11-18 06:00:00+00:00,9408,36.78210766595476
2013-11-18 07:00:00+00:00,9408,43.505458375352895
2013-11-18 08:00:00+00:00,9408,41.47067188590047
2013-11-18 09:00:00+00:00,9408,41.032384272983386
2013-11-18 10:00:00+00:00,9408,42.97779222433094
2013-11-18 11:00:00+00:00,9408,43.449455658559586
2013-11-18 12:00:00+00:00,9408,46.6438479841495
2013-11-18 13:00:00+00:00,9408,44.92253688519376
2013-11-18 14:00:00+00:00,9408,47.121159848897456
2013-11-18 15:00:00+00:00,9408,45.70205978361454
2013-11-18 16:00:00+00:00,9408,48.3428258226689
2013-11-18 17:00:00+00:00,9408,44.522486814212925
2013-11-18 18:00:00+00:00,9408,45.20278696226341
2013-11-18 19:00:00+00:00,9408,42.37449049370032
2013-11-18 20:00:00+00:00,9408,38.89139928086072
2013-11-18 21:00:00+00:00,9408,34.768782775579965
2013-11-18 22:00:00+00:00,9408,28.45865195278612
2013-11-18 23:00:00+00:00,9408,23.44292114825159
2013-11-19 00:00:00+00:00,9408,21.392623278598776
2013-11-19 01:00:00+00:00,9408,29.331439874817878
2013-11-19 02:00:00+00:00,9408,23.103044934948862
2013-11-19 03:00:00+00:00,9408,22.147802307071853
2013-11-19 04:00:00+00:00,9408,20.94131496464971
2013-11-19 05:00:00+00:00,9408,26.989382618331433
2013-11-19 06:00:00+00:00,9408,42.69283801374105
2013-11-19 07:00:00+00:00,9408,44.65426565784834
2013-11-19 08:00:00+00:00,9408,45.29325245609104
2013-11-19 09:00:00+00:00,9408,37.6628310325563
2013-11-19 10:00:00+00:00,9408,38.56086781423152
2013-11-19 11:00:00+00:00,9408,44.384977684193714
2013-11-19 12:00:00+00:00,9408,53.42964936533327
2013-11-19 13:00:00+00:00,9408,55.908791117360906
2013-11-19 14:00:00+00:00,9408,44.529560759866214
2013-11-19 15:00:00+00:00,9408,46.1814451087347
2013-11-19 16:00:00+00:00,9408,44.990030169027314
2013-11-19 17:00:00+00:00,9408,42.74646177570385
2013-11-19 18:00:00+00:00,9408,45.2055791158457
2013-11-19 19:00:00+00:00,9408,43.44606414606427
2013-11-19 20:00:00+00:00,9408,38.863417022120295
2013-11-19 21:00:00+00:00,9408,33.82907034648652
2013-11-19 22:00:00+00:00,9408,27.567315714495173
2013-11-19 23:00:00+00:00,9408,25.157853538072477
2013-11-20 00:00:00+00:00,9408,20.522167118068488
2013-11-20 01:00:00+00:00,9408,17.92458781216094
2013-11-20 02:00:00+00:00,9408,21.32803812220511
2013-11-20 03:00:00+00:00,9408,18.904407630030725
2013-11-20 04:00:00+00:00,9408,17.22450040286913
2013-11-20 05:00:00+00:00,9408,23.279744142151806
2013-11-20 06:00:00+00:00,9408,37.17073250914627
2013-11-20 07:00:00+00:00,9408,45.15378827666169
2013-11-20 08:00:00+00:00,9408,40.93240951849158
2013-11-20 09:00:00+00:00,9408,41.568600102636516
2013-11-20 10:00:00+00:00,9408,45.471969445117196
2013-11-20 11:00:00+00:00,9408,57.07368730519522
2013-11-20 12:00:00+00:00,9408,55.503411354848666
2013-11-20 13:00:00+00:00,9408,62.763597720476994
2013-11-20 14:00:00+00:00,9408,41.86581518557619
2013-11-20 15:00:00+00:00,9408,41.83095712307846
2013-11-20 16:00:00+00:00,9408,39.65398836529526
2013-11-20 17:00:00+00:00,9408,47.949354803296245
2013-11-20 18:00:00+00:00,9408,45.55462362527955
2013-11-20 19:00:00+00:00,9408,46.92760143032759
2013-11-20 20:00:00+00:00,9408,42.325753965199944
2013-11-20 21:00:00+00:00,9408,34.95713562559801
2013-11-20 22:00:00+00:00,9408,31.252962762488178
2013-11-20 23:00:00+00:00,9408,20.270753458589848
2013-11-21 00:00:00+00:00,9408,19.033751459463655
2013-11-21 01:00:00+00:00,9408,19.368641526004357
2013-11-21 02:00:00+00:00,9408,17.752049163621024
2013-11-21 03:00:00+00:00,9408,15.393850319948298
2013-11-21 04:00:00+00:00,9408,17.905062506196746
2013-11-21 05:00:00+00:00,9408,21.755626906986915
2013-11-21 06:00:00+00:00,9408,45.43946129680828
2013-11-21 07:00:00+00:00,9408,43.30068974734942
2013-11-21 08:00:00+00:00,9408,49.5125501138211
2013-11-21 09:00:00+00:00,9408,47.84218486328756
2013-11-21 10:00:00+00:00,9408,46.99348770578047
2013-11-21 11:00:00+00:00,9408,56.42198448623944
2013-11-21 12:00:00+00:00,9408,59.18894880578274
2013-11-21 13:00:00+00:00,9408,56.510067303602504
2013-11-21 14:00:00+00:00,9408,49.2798373614861
2013-11-21 15:00:00+00:00,9408,58.89295108071321
2013-11-21 16:00:00+00:00,9408,53.17718370693589
2013-11-21 17:00:00+00:00,9408,50.426446800590966
2013-11-21 18:00:00+00:00,9408,44.79501173329351
2013-11-21 19:00:00+00:00,9408,43.55428416456593
2013-11-21 20:00:00+00:00,9408,42.954059260703524
2013-11-21 21:00:00+00:00,9408,40.26269479383508
2013-11-21 22:00:00+00:00,9408,32.973662212526364
2013-11-21 23:00:00+00:00,9408,20.84018438137446
2013-11-22 00:00:00+00:00,9408,20.916891772026723
2013-11-22 01:00:00+00:00,9408,17.694656741338285
2013-11-22 02:00:00+00:00,9408,16.533268272619576
2013-11-22 03:00:00+00:00,9408,13.834277447067453
2013-11-22 04:00:00+00:00,9408,17.560283073464827
2013-11-22 05:00:00+00:00,9408,21.93966272707022
2013-11-22 06:00:00+00:00,9408,36.96069296209664
2013-11-22 07:00:00+00:00,9408,45.59761997060066
2013-11-22 08:00:00+00:00,9408,41.24552800797782
2013-11-22 09:00:00+00:00,9408,44.265937677436824
2013-11-22 10:00:00+00:00,9408,42.84125804590986
2013-11-22 11:00:00+00:00,9408,48.51241690355093
2013-11-22 12:00:00+00:00,9408,45.99918609984081
2013-11-22 13:00:00+00:00,9408,46.3485609800512
2013-11-22 14:00:00+00:00,9408,42.00193164272174
2013-11-22 15:00:00+00:00,9408,45.54722445550158
2013-11-22 16:00:00+00:00,9408,41.56814735657512
2013-11-22 17:00:00+00:00,9408,45.37504184972945
2013-11-22 18:00:00+00:00,9408,50.3762579411752
2013-11-22 19:00:00+00:00,9408,53.28369844203679
2013-11-22 20:00:00+00:00,9408,47.85512693132441
2013-11-22 21:00:00+00:00,9408,38.02418153042768
2013-11-22 22:00:00+00:00,9408,35.19821346550202
2013-11-22 23:00:00+00:00,9408,26.806759595824573
2013-11-23 00:00:00+00:00,9408,20.795827822499046
2013-11-23 01:00:00+00:00,9408,21.497188031662706
2013-11-23 02:00:00+00:00,9408,19.21650244955766
2013-11-23 03:00:00+00:00,9408,16.870499526482632
2013-11-23 04:00:00+00:00,9408,17.16010803064493
2013-11-23 05:00:00+00:00,9408,22.538037202495868
2013-11-23 06:00:00+00:00,9408,24.530565192107055
2013-11-23 07:00:00+00:00,9408,32.72251086572618
2013-11-23 08:00:00+00:00,9408,35.35152533847758
2013-11-23 09:00:00+00:00,9408,41.21316503540477
2013-11-23 10:00:00+00:00,9408,43.345237784939634
2013-11-23 11:00:00+00:00,9408,46.025990161595466
2013-11-23 12:00:00+00:00,9408,43.56926042158064
2013-11-23 13:00:00+00:00,9408,44.770350889291564
2013-11-23 14:00:00+00:00,9408,37.55418545550306
2013-11-23 15:00:00+00:00,9408,40.33714738087591
2013-11-23 16:00:00+00:00,9408,37.15415559509822
2013-11-23 17:00:00+00:00,9408,43.18026382236145
2013-11-23 18:00:00+00:00,9408,52.72745979179104
2013-11-23 19:00:00+00:00,9408,46.79713692461313
2013-11-23 20:00:00+00:00,9408,43.08759511510456
2013-11-23 21:00:00+00:00,9408,40.044574222768496
2013-11-23 22:00:00+00:00,9408,33.219423955123894
2013-11-23 23:00:00+00:00,9408,30.683094236905713
2013-11-24 00:00:00+00:00,9408,28.101697197626006
2013-11-24 01:00:00+00:00,9408,21.258047629055078
2013-11-24 02:00:00+00:00,9408,21.370124928978463
2013-11-24 03:00:00+00:00,9408,17.944628891968815
2013-11-24 04:00:00+00:00,9408,18.28855405813347
2013-11-24 05:00:00+00:00,9408,18.48387729907426
2013-11-24 06:00:00+00:00,9408,20.470528684640865
2013-11-24 07:00:00+00:00,9408,24.284359180918408
2013-11-24 08:00:00+00:00,9408,34.44417717162014
2013-11-24 09:00:00+00:00,9408,35.68622074095386
2013-11-24 10:00:00+00:00,9408,40.1931406152098
2013-11-24 11:00:00+00:00,9408,44.17118434960992
2013-11-24 12:00:00+00:00,9408,37.97277624579565
2013-11-24 13:00:00+00:00,9408,46.89814676680787
2013-11-24 14:00:00+00:00,9408,38.70377283161639
2013-11-24 15:00:00+00:00,9408,37.10152464453311
2013-11-24 16:00:00+00:00,9408,41.31658276987593
2013-11-24 17:00:00+00:00,9408,45.06020060003805
2013-11-24 18:00:00+00:00,9408,38.73566561639218
2013-11-24 19:00:00+00:00,9408,44.84054429143038
2013-11-24 20:00:00+00:00,9408,36.194397459943815
2013-11-24 21:00:00+00:00,9408,35.115826273383746
2013-11-24 22:00:00+00:00,9408,24.899908658106238
2013-11-24 23:00:00+00:00,9408,21.1543482510958
2013-11-25 00:00:00+00:00,9408,17.94064366518733
2013-11-25 01:00:00+00:00,9408,18.05931379006571
2013-11-25 02:00:00+00:00,9408,17.954588878168
2013-11-25 03:00:00+00:00,9408,18.188112347479407
2013-11-25 04:00:00+00:00,9408,19.680699445112314
2013-11-25 05:00:00+00:00,9408,25.322092123589677
2013-11-25 06:00:00+00:00,9408,36.49648589737805
2013-11-25 07:00:00+00:00,9408,41.69614479863334
2013-11-25 08:00:00+00:00,9408,37.345547946040824
2013-11-25 09:00:00+00:00,9408,40.83291766163775
2013-11-25 10:00:00+00:00,9408,38.66432060070911
2013-11-25 11:00:00+00:00,9408,43.903827747946835
2013-11-25 12:00:00+00:00,9408,53.892052861792514
2013-11-25 13:00:00+00:00,9408,45.97322921099129
2013-11-25 14:00:00+00:00,9408,48.8345500917352
2013-11-25 15:00:00+00:00,9408,38.66466330248008
2013-11-25 16:00:00+00:00,9408,41.0473321415054
2013-11-25 17:00:00+00:00,9408,45.28530476959078
2013-11-25 18:00:00+00:00,9408,45.408093662421784
2013-11-25 19:00:00+00:00,9408,43.35158452054925
2013-11-25 20:00:00+00:00,9408,38.04999571081384
2013-11-25 21:00:00+00:00,9408,31.461530252085918
2013-11-25 22:00:00+00:00,9408,25.02398514915396
2013-11-25 23:00:00+00:00,9408,20.94545535634596
2013-11-26 00:00:00+00:00,9408,16.711421657119615
2013-11-26 01:00:00+00:00,9408,24.933040439873118
2013-11-26 02:00:00+00:00,9408,17.5821372885838
2013-11-26 03:00:00+00:00,9408,19.755342566554646
2013-11-26 04:00:00+00:00,9408,17.562787421330576
2013-11-26 05:00:00+00:00,9408,26.800264029017615
2013-11-26 06:00:00+00:00,9408,43.81252036424399
2013-11-26 07:00:00+00:00,9408,45.580233157692035
2013-11-26 08:00:00+00:00,9408,38.57229407492638
2013-11-26 09:00:00+00:00,9408,42.59744423811369
2013-11-26 10:00:00+00:00,9408,40.58394033766056
2013-11-26 11:00:00+00:00,9408,48.98244190482266
2013-11-26 12:00:00+00:00,9408,44.84458366606512
2013-11-26 13:00:00+00:00,9408,44.488811160969924
2013-11-26 14:00:00+00:00,9408,41.94963413821177
2013-11-26 15:00:00+00:00,9408,42.540449332043764
2013-11-26 16:00:00+00:00,9408,49.219020950450194
2013-11-26 17:00:00+00:00,9408,46.555415954441074
2013-11-26 18:00:00+00:00,9408,45.619895591434336
2013-11-26 19:00:00+00:00,9408,43.946832115321754
2013-11-26 20:00:00+00:00,9408,44.441076147705644
2013-11-26 21:00:00+00:00,9408,40.87460068467778
2013-11-26 22:00:00+00:00,9408,27.331270174417174
2013-11-26 23:00:00+00:00,9408,23.6000963565548
2013-11-27 00:00:00+00:00,9408,18.30180016930576
2013-11-27 01:00:00+00:00,9408,15.925664463310753
2013-11-27 02:00:00+00:00,9408,13.101964175371503
2013-11-27 03:00:00+00:00,9408,13.603954356557665
2013-11-27 04:00:00+00:00,9408,15.43611073128897
2013-11-27 05:00:00+00:00,9408,21.644220545400984
2013-11-27 06:00:00+00:00,9408,38.962217388057454
2013-11-27 07:00:00+00:00,9408,47.55201259085233
2013-11-27 08:00:00+00:00,9408,36.593001138738536
2013-11-27 09:00:00+00:00,9408,36.72217193261414
2013-11-27 10:00:00+00:00,9408,40.61807616327232
2013-11-27 11:00:00+00:00,9408,43.56506367053606
2013-11-27 12:00:00+00:00,9408,45.62407745741608
2013-11-27 13:00:00+00:00,9408,44.6828271335548
2013-11-27 14:00:00+00:00,9408,41.15009668656488
2013-11-27 15:00:00+00:00,9408,38.26327656349697
2013-11-27 16:00:00+00:00,9408,43.1752266854515
2013-11-27 17:00:00+00:00,9408,39.669485418670824
2013-11-27 18:00:00+00:00,9408,39.727429386817015
2013-11-27 19:00:00+00:00,9408,40.34595295726663
2013-11-27 20:00:00+00:00,9408,38.888809919987246
2013-11-27 21:00:00+00:00,9408,31.037454017916694
2013-11-27 22:00:00+00:00,9408,26.918952808190014
2013-11-27 23:00:00+00:00,9408,17.022862966891186
2013-11-28 00:00:00+00:00,9408,12.484699887882352
2013-11-28 01:00:00+00:00,9408,10.506734643725078
2013-11-28 02:00:00+00:00,9408,10.457100304844621
2013-11-28 03:00:00+00:00,9408,10.017309641974293
2013-11-28 04:00:00+00:00,9408,12.927336099527778
2013-11-28 05:00:00+00:00,9408,19.614061286165494
2013-11-28 06:00:00+00:00,9408,38.26606669335084
2013-11-28 07:00:00+00:00,9408,40.19436298796379
2013-11-28 08:00:00+00:00,9408,41.73597030360466
2013-11-28 09:00:00+00:00,9408,36.07345118239348
2013-11-28 10:00:00+00:00,9408,38.07443776373048
2013-11-28 11:00:00+00:00,9408,43.829667302525806
2013-11-28 12:00:00+00:00,9408,46.18887792490613
2013-11-28 13:00:00+00:00,9408,40.02922153138946
2013-11-28 14:00:00+00:00,9408,39.004906826982705
2013-11-28 15:00:00+00:00,9408,39.68244595412423
2013-11-28 16:00:00+00:00,9408,45.302694560323346
2013-11-28 17:00:00+00:00,9408,46.167314683387275
2013-11-28 18:00:00+00:00,9408,48.002934819368484
2013-11-28 19:00:00+00:00,9408,46.62998206403952
2013-11-28 20:00:00+00:00,9408,39.7033803487475
2013-11-28 21:00:00+00:00,9408,38.15565876711102
2013-11-28 22:00:00+00:00,9408,30.54368938211457
2013-11-28 23:00:00+00:00,9408,24.205327130928303
2013-11-29 00:00:00+00:00,9408,18.378656745022578
2013-11-29 01:00:00+00:00,9408,14.46460173715274
2013-11-29 02:00:00+00:00,9408,16.031440886626562
2013-11-29 03:00:00+00:00,9408,11.985675196569956
2013-11-29 04:00:00+00:00,9408,15.318176769430561
2013-11-29 05:00:00+00:00,9408,19.96732176262901
2013-11-29 06:00:00+00:00,9408,33.26452547067109
2013-11-29 07:00:00+00:00,9408,37.45417706282675
2013-11-29 08:00:00+00:00,9408,34.799432293937635
2013-11-29 09:00:00+00:00,9408,34.850793886415886
2013-11-29 10:00:00+00:00,9408,38.03692233671172
2013-11-29 11:00:00+00:00,9408,50.72073257109871
2013-11-29 12:00:00+00:00,9408,48.16420181169383
2013-11-29 13:00:00+00:00,9408,45.58698512283998
2013-11-29 14:00:00+00:00,9408,41.608690814679434
2013-11-29 15:00:00+00:00,9408,38.05523804664289
2013-11-29 16:00:00+00:00,9408,42.62747909664037
2013-11-29 17:00:00+00:00,9408,42.90543986119041
2013-11-29 18:00:00+00:00,9408,44.89821269808182
2013-11-29 19:00:00+00:00,9408,40.649337643667664
2013-11-29 20:00:00+00:00,9408,36.424689821409864
2013-11-29 21:00:00+00:00,9408,31.801958726898935
2013-11-29 22:00:00+00:00,9408,28.316721838364913
2013-11-29 23:00:00+00:00,9408,26.34661482707202
2013-11-30 00:00:00+00:00,9408,19.39746915821737
2013-11-30 01:00:00+00:00,9408,14.783742327166108
2013-11-30 02:00:00+00:00,9408,14.390009518573047
2013-11-30 03:00:00+00:00,9408,13.121323077386633
2013-11-30 04:00:00+00:00,9408,14.326825910439162
2013-11-30 05:00:00+00:00,9408,17.24074177123558
2013-11-30 06:00:00+00:00,9408,23.767471724845556
2013-11-30 07:00:00+00:00,9408,32.40823540710234
2013-11-30 08:00:00+00:00,9408,40.03156355200398
2013-11-30 09:00:00+00:00,9408,37.93157799375393
2013-11-30 10:00:00+00:00,9408,38.09172274296432
2013-11-30 11:00:00+00:00,9408,40.96350909730663
2013-11-30 12:00:00+00:00,9408,38.39884414686317
2013-11-30 13:00:00+00:00,9408,46.200541682452815
2013-11-30 14:00:00+00:00,9408,37.788978984085865
2013-11-30 15:00:00+00:00,9408,34.41708537606241
2013-11-30 16:00:00+00:00,9408,38.13208979037178
2013-11-30 17:00:00+00:00,9408,43.11361464469799
2013-11-30 18:00:00+00:00,9408,43.80210529807857
2013-11-30 19:00:00+00:00,9408,36.10330208793694
2013-11-30 20:00:00+00:00,9408,35.69775651013828
2013-11-30 21:00:00+00:00,9408,34.51031408404729
2013-11-30 22:00:00+00:00,9408,32.420491649098736
2013-11-30 23:00:00+00:00,9408,27.869243059629845
2013-12-01 00:00:00+00:00,9408,23.24064369908996
2013-12-01 01:00:00+00:00,9408,20.22689513364886
2013-12-01 02:00:00+00:00,9408,18.53301124493581
2013-12-01 03:00:00+00:00,9408,16.558192947569196
2013-12-01 04:00:00+00:00,9408,16.263819730140618
2013-12-01 05:00:00+00:00,9408,18.57003480846776
2013-12-01 06:00:00+00:00,9408,20.652031481675987
2013-12-01 07:00:00+00:00,9408,23.506032851217082
2013-12-01 08:00:00+00:00,9408,29.562208433282965
2013-12-01 09:00:00+00:00,9408,29.81787318413219
2013-12-01 10:00:00+00:00,9408,34.7577632691617
2013-12-01 11:00:00+00:00,9408,38.845984830081086
2013-12-01 12:00:00+00:00,9408,42.22792315546354
2013-12-01 13:00:00+00:00,9408,42.57308700568453
2013-12-01 14:00:00+00:00,9408,37.84095773655428
2013-12-01 15:00:00+00:00,9408,40.37594663286942
2013-12-01 16:00:00+00:00,9408,41.493987135191574
2013-12-01 17:00:00+00:00,9408,39.396474804176016
2013-12-01 18:00:00+00:00,9408,37.49396146776356
2013-12-01 19:00:00+00:00,9408,39.039917609218286
2013-12-01 20:00:00+00:00,9408,37.61994645084138
2013-12-01 21:00:00+00:00,9408,31.289014646457055
2013-12-01 22:00:00+00:00,9408,25.37806335665586
2013-12-01 23:00:00+00:00,9408,18.217515721907283
2013-12-02 00:00:00+00:00,9408,15.352373478634092
2013-12-02 01:00:00+00:00,9408,13.415785499617234
2013-12-02 02:00:00+00:00,9408,12.769242287624712
2013-12-02 03:00:00+00:00,9408,13.919304451959452
2013-12-02 04:00:00+00:00,9408,18.317303654242927
2013-12-02 05:00:00+00:00,9408,23.22864003938394
2013-12-02 06:00:00+00:00,9408,36.550554250038736
2013-12-02 07:00:00+00:00,9408,40.37067129651982
2013-12-02 08:00:00+00:00,9408,36.77073357564962
2013-12-02 09:00:00+00:00,9408,36.584397022760236
2013-12-02 10:00:00+00:00,9408,38.09661851582263
2013-12-02 11:00:00+00:00,9408,36.22166163847964
2013-12-02 12:00:00+00:00,9408,43.681677036084366
2013-12-02 13:00:00+00:00,9408,44.33463953891561
2013-12-02 14:00:00+00:00,9408,38.62199063456301
2013-12-02 15:00:00+00:00,9408,46.761201491412905
2013-12-02 16:00:00+00:00,9408,41.04093696742735
2013-12-02 17:00:00+00:00,9408,44.06822528439678
2013-12-02 18:00:00+00:00,9408,42.59915117023856
2013-12-02 19:00:00+00:00,9408,34.91850938096402
2013-12-02 20:00:00+00:00,9408,37.8885717693305
2013-12-02 21:00:00+00:00,9408,31.71115419407517
2013-12-02 22:00:00+00:00,9408,27.379617696852648
2013-12-02 23:00:00+00:00,9408,22.328066533087394
2013-12-03 00:00:00+00:00,9408,23.120878658143504
2013-12-03 01:00:00+00:00,9408,16.83257444828616
2013-12-03 02:00:00+00:00,9408,15.648624830845765
2013-12-03 03:00:00+00:00,9408,14.663157905182198
2013-12-03 04:00:00+00:00,9408,17.110584217803826
2013-12-03 05:00:00+00:00,9408,23.69837240669996
2013-12-03 06:00:00+00:00,9408,35.86202399197353
2013-12-03 07:00:00+00:00,9408,38.65050836875124
2013-12-03 08:00:00+00:00,9408,37.445698825537264
2013-12-03 09:00:00+00:00,9408,33.70330877914353
2013-12-03 10:00:00+00:00,9408,37.745580880317725
2013-12-03 11:00:00+00:00,9408,39.71929480675964
2013-12-03 12:00:00+00:00,9408,39.53469491791793
2013-12-03 13:00:00+00:00,9408,43.55125991860383
2013-12-03 14:00:00+00:00,9408,43.81418572306211
2013-12-03 15:00:00+00:00,9408,49.73964724357019
2013-12-03 16:00:00+00:00,9408,43.326860580034676
2013-12-03 17:00:00+00:00,9408,50.23131294982285
2013-12-03 18:00:00+00:00,9408,50.485347905177846
2013-12-03 19:00:00+00:00,9408,46.81303237355205
2013-12-03 20:00:00+00:00,9408,39.27093563446683
2013-12-03 21:00:00+00:00,9408,34.183941439281035
2013-12-03 22:00:00+00:00,9408,31.00524963950639
2013-12-03 23:00:00+00:00,9408,22.863985240756033
2013-12-04 00:00:00+00:00,9408,31.864781278157043
2013-12-04 01:00:00+00:00,9408,20.259850372923037
2013-12-04 02:00:00+00:00,9408,19.42773121550902
2013-12-04 03:00:00+00:00,9408,20.377515816776622
2013-12-04 04:00:00+00:00,9408,20.969980493360172
2013-12-04 05:00:00+00:00,9408,32.50267458418576
2013-12-04 06:00:00+00:00,9408,44.722495055932484
2013-12-04 07:00:00+00:00,9408,52.88504221656797
2013-12-04 08:00:00+00:00,9408,48.020552531422545
2013-12-04 09:00:00+00:00,9408,42.66640137230995
2013-12-04 10:00:00+00:00,9408,41.70499406318686
2013-12-04 11:00:00+00:00,9408,40.17684439456947
2013-12-04 12:00:00+00:00,9408,44.99000861885086
2013-12-04 13:00:00+00:00,9408,44.47615644218254
2013-12-04 14:00:00+00:00,9408,40.07874361938045
2013-12-04 15:00:00+00:00,9408,44.360987933078746
2013-12-04 16:00:00+00:00,9408,44.25234784810203
2013-12-04 17:00:00+00:00,9408,42.2305284761697
2013-12-04 18:00:00+00:00,9408,45.07062280435375
2013-12-04 19:00:00+00:00,9408,42.51230834338284
2013-12-04 20:00:00+00:00,9408,40.55743107797108
2013-12-04 21:00:00+00:00,9408,37.04425895180496
2013-12-04 22:00:00+00:00,9408,26.662855251131397
2013-12-04 23:00:00+00:00,9408,22.97399368335839
2013-12-05 00:00:00+00:00,9408,24.015570951613668
2013-12-05 01:00:00+00:00,9408,20.5221757189516
2013-12-05 02:00:00+00:00,9408,18.30369791661903
2013-12-05 03:00:00+00:00,9408,17.082444881490723
2013-12-05 04:00:00+00:00,9408,18.851120214373367
2013-12-05 05:00:00+00:00,9408,26.8867006829119
2013-12-05 06:00:00+00:00,9408,40.23016452641936
2013-12-05 07:00:00+00:00,9408,40.21552480741251
2013-12-05 08:00:00+00:00,9408,37.97097957797521
2013-12-05 09:00:00+00:00,9408,36.47351651168263
2013-12-05 10:00:00+00:00,9408,39.85361869022345
2013-12-05 11:00:00+00:00,9408,48.62735812741229
2013-12-05 12:00:00+00:00,9408,47.845869702041846
2013-12-05 13:00:00+00:00,9408,39.342271700243515
2013-12-05 14:00:00+00:00,9408,38.589944132106
2013-12-05 15:00:00+00:00,9408,38.253454082480744
2013-12-05 16:00:00+00:00,9408,35.05052018336369
2013-12-05 17:00:00+00:00,9408,38.36597316632678
2013-12-05 18:00:00+00:00,9408,40.501115273056314
2013-12-05 19:00:00+00:00,9408,39.59149165780004
2013-12-05 20:00:00+00:00,9408,36.83739238496779
2013-12-05 21:00:00+00:00,9408,31.645632728310233
2013-12-05 22:00:00+00:00,9408,29.954325771570126
2013-12-05 23:00:00+00:00,9408,25.732563843531295
2013-12-06 00:00:00+00:00,9408,17.29707522883279
2013-12-06 01:00:00+00:00,9408,15.313835212598708
2013-12-06 02:00:00+00:00,9408,16.1774919723555
2013-12-06 03:00:00+00:00,9408,16.205483119323077
2013-12-06 04:00:00+00:00,9408,19.831214451848375
2013-12-06 05:00:00+00:00,9408,24.502974350369932
2013-12-06 06:00:00+00:00,9408,33.08127286028727
2013-12-06 07:00:00+00:00,9408,38.365038074569874
2013-12-06 08:00:00+00:00,9408,40.32599179306135
2013-12-06 09:00:00+00:00,9408,36.96977191050567
2013-12-06 10:00:00+00:00,9408,34.99742890970388
2013-12-06 11:00:00+00:00,9408,40.96829030288585
2013-12-06 12:00:00+00:00,9408,45.44894695609794
2013-12-06 13:00:00+00:00,9408,41.19443391166217
2013-12-06 14:00:00+00:00,9408,39.45729924653332
2013-12-06 15:00:00+00:00,9408,41.445950821869886
2013-12-06 16:00:00+00:00,9408,49.18335835821014
2013-12-06 17:00:00+00:00,9408,45.37176647106062
2013-12-06 18:00:00+00:00,9408,46.91785677536633
2013-12-06 19:00:00+00:00,9408,58.54783480139197
2013-12-06 20:00:00+00:00,9408,54.49804020379447
2013-12-06 21:00:00+00:00,9408,45.4552001025712
2013-12-06 22:00:00+00:00,9408,45.957268698496925
2013-12-06 23:00:00+00:00,9408,36.997998539912125
2013-12-07 00:00:00+00:00,9408,26.395580622722196
2013-12-07 01:00:00+00:00,9408,22.947939326556085
2013-12-07 02:00:00+00:00,9408,22.682096485426037
2013-12-07 03:00:00+00:00,9408,34.561430590343875
2013-12-07 04:00:00+00:00,9408,25.225646938159393
2013-12-07 05:00:00+00:00,9408,27.5913307251505
2013-12-07 06:00:00+00:00,9408,34.01492661681687
2013-12-07 07:00:00+00:00,9408,40.79054018103495
2013-12-07 08:00:00+00:00,9408,42.09310823366384
2013-12-07 09:00:00+00:00,9408,47.745043240957784
2013-12-07 10:00:00+00:00,9408,47.058684669096294
2013-12-07 11:00:00+00:00,9408,45.56371363604818
2013-12-07 12:00:00+00:00,9408,45.466241137964836
2013-12-07 13:00:00+00:00,9408,45.181629268112516
2013-12-07 14:00:00+00:00,9408,44.69803725620313
2013-12-07 15:00:00+00:00,9408,41.95302417022202
2013-12-07 16:00:00+00:00,9408,42.017423491522784
2013-12-07 17:00:00+00:00,9408,45.228069432910786
2013-12-07 18:00:00+00:00,9408,48.4367072353009
2013-12-07 19:00:00+00:00,9408,51.73490482807195
2013-12-07 20:00:00+00:00,9408,47.62646097636483
2013-12-07 21:00:00+00:00,9408,46.44463315936838
2013-12-07 22:00:00+00:00,9408,45.23843494868514
2013-12-07 23:00:00+00:00,9408,28.0066926248131
2013-12-08 00:00:00+00:00,9408,20.587651931680508
2013-12-08 01:00:00+00:00,9408,16.11638693280284
2013-12-08 02:00:00+00:00,9408,14.525757157758845
2013-12-08 03:00:00+00:00,9408,13.931098351848586
2013-12-08 04:00:00+00:00,9408,15.328249123372185
2013-12-08 05:00:00+00:00,9408,14.761703379698154
2013-12-08 06:00:00+00:00,9408,15.124063270174638
2013-12-08 07:00:00+00:00,9408,19.14691537923873
2013-12-08 08:00:00+00:00,9408,29.17507494633662
2013-12-08 09:00:00+00:00,9408,34.83632784856764
2013-12-08 10:00:00+00:00,9408,36.517598524516515
2013-12-08 11:00:00+00:00,9408,37.746797390785396
2013-12-08 12:00:00+00:00,9408,35.85518915300149
2013-12-08 13:00:00+00:00,9408,42.970076526248384
2013-12-08 14:00:00+00:00,9408,35.22735491665876
2013-12-08 15:00:00+00:00,9408,37.08049491242062
2013-12-08 16:00:00+00:00,9408,38.693400106997885
2013-12-08 17:00:00+00:00,9408,35.25666511550696
2013-12-08 18:00:00+00:00,9408,36.10180428800369
2013-12-08 19:00:00+00:00,9408,38.65501389951963
2013-12-08 20:00:00+00:00,9408,37.42008388175636
2013-12-08 21:00:00+00:00,9408,38.007603894027625
2013-12-08 22:00:00+00:00,9408,26.714974442315867
2013-12-08 23:00:00+00:00,9408,20.740189552846672
2013-12-09 00:00:00+00:00,9408,14.88346909890381
2013-12-09 01:00:00+00:00,9408,12.242485705335277
2013-12-09 02:00:00+00:00,9408,11.98088937064192
2013-12-09 03:00:00+00:00,9408,13.025618342159786
2013-12-09 04:00:00+00:00,9408,13.65468336857988
2013-12-09 05:00:00+00:00,9408,20.59976594850059
2013-12-09 06:00:00+00:00,9408,35.94113096515707
2013-12-09 07:00:00+00:00,9408,36.44687025554101
2013-12-09 08:00:00+00:00,9408,41.068397487739254
2013-12-09 09:00:00+00:00,9408,37.211530710011886
2013-12-09 10:00:00+00:00,9408,36.94822146838592
2013-12-09 11:00:00+00:00,9408,41.88833972733099
2013-12-09 12:00:00+00:00,9408,40.19381414823991
2013-12-09 13:00:00+00:00,9408,38.67772720180474
2013-12-09 14:00:00+00:00,9408,36.09145146823921
2013-12-09 15:00:00+00:00,9408,43.87812051684076
2013-12-09 16:00:00+00:00,9408,38.27711066711188
2013-12-09 17:00:00+00:00,9408,39.65839825538926
2013-12-09 18:00:00+00:00,9408,43.0748639126546
2013-12-09 19:00:00+00:00,9408,42.04137103980563
2013-12-09 20:00:00+00:00,9408,46.33210648968242
2013-12-09 21:00:00+00:00,9408,39.64514608954577
2013-12-09 22:00:00+00:00,9408,27.74682383302674
2013-12-09 23:00:00+00:00,9408,21.196074188653682
2013-12-10 00:00:00+00:00,9408,24.189950118569374
2013-12-10 01:00:00+00:00,9408,18.45042895464697
2013-12-10 02:00:00+00:00,9408,17.73753139111011
2013-12-10 03:00:00+00:00,9408,17.557643996021874
2013-12-10 04:00:00+00:00,9408,17.038068189332396
2013-12-10 05:00:00+00:00,9408,24.02309969562439
2013-12-10 06:00:00+00:00,9408,37.157678952913244
2013-12-10 07:00:00+00:00,9408,36.13334667643767
2013-12-10 08:00:00+00:00,9408,38.5931313509643
2013-12-10 09:00:00+00:00,9408,40.8381374532792
2013-12-10 10:00:00+00:00,9408,41.727128283822765
2013-12-10 11:00:00+00:00,9408,41.68090450000089
2013-12-10 12:00:00+00:00,9408,45.31149014729185
2013-12-10 13:00:00+00:00,9408,44.15752420783248
2013-12-10 14:00:00+00:00,9408,41.75007781787122
2013-12-10 15:00:00+00:00,9408,38.37159009801541
2013-12-10 16:00:00+00:00,9408,47.33538858637546
2013-12-10 17:00:00+00:00,9408,41.59333120305753
2013-12-10 18:00:00+00:00,9408,42.175120057191464
2013-12-10 19:00:00+00:00,9408,40.921482605642595
2013-12-10 20:00:00+00:00,9408,37.78695047130619
2013-12-10 21:00:00+00:00,9408,33.3500107449109
2013-12-10 22:00:00+00:00,9408,29.3330008090784
2013-12-10 23:00:00+00:00,9408,22.079673823661757
2013-12-11 00:00:00+00:00,9408,17.40055202437241
2013-12-11 01:00:00+00:00,9408,13.652790521780739
2013-12-11 02:00:00+00:00,9408,13.376119804775062
2013-12-11 03:00:00+00:00,9408,15.459026053280994
2013-12-11 04:00:00+00:00,9408,16.36327810935473
2013-12-11 05:00:00+00:00,9408,27.22880716915358
2013-12-11 06:00:00+00:00,9408,36.28351733495626
2013-12-11 07:00:00+00:00,9408,41.021569347644004
2013-12-11 08:00:00+00:00,9408,37.07852083130782
2013-12-11 09:00:00+00:00,9408,40.91660468323829
2013-12-11 10:00:00+00:00,9408,39.998714885590196
2013-12-11 11:00:00+00:00,9408,41.4839668612681
2013-12-11 12:00:00+00:00,9408,46.38204334006309
2013-12-11 13:00:00+00:00,9408,42.664491276862876
2013-12-11 14:00:00+00:00,9408,42.25943433667158
2013-12-11 15:00:00+00:00,9408,42.63978562274897
2013-12-11 16:00:00+00:00,9408,43.17004802913777
2013-12-11 17:00:00+00:00,9408,38.32935136004162
2013-12-11 18:00:00+00:00,9408,42.936250957142846
2013-12-11 19:00:00+00:00,9408,45.79034178491863
2013-12-11 20:00:00+00:00,9408,41.07782268333689
2013-12-11 21:00:00+00:00,9408,39.00492604416972
2013-12-11 22:00:00+00:00,9408,30.840826193578273
2013-12-11 23:00:00+00:00,9408,21.064133570181234
2013-12-12 00:00:00+00:00,9408,27.810268881852835
2013-12-12 01:00:00+00:00,9408,17.491425127283993
2013-12-12 02:00:00+00:00,9408,19.165132180604406
2013-12-12 03:00:00+00:00,9408,14.302961780892456
2013-12-12 04:00:00+00:00,9408,16.039593431812712
2013-12-12 05:00:00+00:00,9408,21.6264077833224
2013-12-12 06:00:00+00:00,9408,38.52827880553377
2013-12-12 07:00:00+00:00,9408,44.89434792071588
2013-12-12 08:00:00+00:00,9408,43.191290900533815
2013-12-12 09:00:00+00:00,9408,45.34755329078265
2013-12-12 10:00:00+00:00,9408,34.5581494094058
2013-12-12 11:00:00+00:00,9408,41.844319180320426
2013-12-12 12:00:00+00:00,9408,47.731791397347614
2013-12-12 13:00:00+00:00,9408,45.60426833486021
2013-12-12 14:00:00+00:00,9408,41.72709712173709
2013-12-12 15:00:00+00:00,9408,37.41027557546074
2013-12-12 16:00:00+00:00,9408,39.22090624990965
2013-12-12 17:00:00+00:00,9408,40.639164277616125
2013-12-12 18:00:00+00:00,9408,42.39639693865229
2013-12-12 19:00:00+00:00,9408,44.58913702966568
2013-12-12 20:00:00+00:00,9408,41.55169400277282
2013-12-12 21:00:00+00:00,9408,35.94695532150236
2013-12-12 22:00:00+00:00,9408,29.982407088097393
2013-12-12 23:00:00+00:00,9408,27.31309330942059
2013-12-13 00:00:00+00:00,9408,16.77145551460874
2013-12-13 01:00:00+00:00,9408,15.161723104406354
2013-12-13 02:00:00+00:00,9408,17.114706639497292
2013-12-13 03:00:00+00:00,9408,18.072126348261058
2013-12-13 04:00:00+00:00,9408,17.886976082857906
2013-12-13 05:00:00+00:00,9408,27.794873137202952
2013-12-13 06:00:00+00:00,9408,40.619933547080336
2013-12-13 07:00:00+00:00,9408,41.886206243668305
2013-12-13 08:00:00+00:00,9408,40.23563203660303
2013-12-13 09:00:00+00:00,9408,39.5929763587998
2013-12-13 10:00:00+00:00,9408,38.50389932644815
2013-12-13 11:00:00+00:00,9408,41.394526675236015
2013-12-13 12:00:00+00:00,9408,48.318167920602804
2013-12-13 13:00:00+00:00,9408,45.84116552361582
2013-12-13 14:00:00+00:00,9408,40.56157590365436
2013-12-13 15:00:00+00:00,9408,41.06716468898346
2013-12-13 16:00:00+00:00,9408,41.92097317816556
2013-12-13 17:00:00+00:00,9408,40.82011691331468
2013-12-13 18:00:00+00:00,9408,42.22221322737516
2013-12-13 19:00:00+00:00,9408,42.490860201855014
2013-12-13 20:00:00+00:00,9408,39.2866258025938
2013-12-13 21:00:00+00:00,9408,31.102505633447784
2013-12-13 22:00:00+00:00,9408,29.63176303820838
2013-12-13 23:00:00+00:00,9408,20.733182277691913
2013-12-14 00:00:00+00:00,9408,21.400346434381316
2013-12-14 01:00:00+00:00,9408,16.5430113098445
2013-12-14 02:00:00+00:00,9408,14.85899926793527
2013-12-14 03:00:00+00:00,9408,15.622716602192249
2013-12-14 04:00:00+00:00,9408,16.370066086465986
2013-12-14 05:00:00+00:00,9408,22.045669509243027
2013-12-14 06:00:00+00:00,9408,24.47508652557415
2013-12-14 07:00:00+00:00,9408,36.664508597670455
2013-12-14 08:00:00+00:00,9408,32.92240581130001
2013-12-14 09:00:00+00:00,9408,35.636165599617854
2013-12-14 10:00:00+00:00,9408,38.47935603704576
2013-12-14 11:00:00+00:00,9408,42.55347956131962
2013-12-14 12:00:00+00:00,9408,43.525292857249845
2013-12-14 13:00:00+00:00,9408,39.43069669377817
2013-12-14 14:00:00+00:00,9408,35.70569969339148
2013-12-14 15:00:00+00:00,9408,34.978178829449256
2013-12-14 16:00:00+00:00,9408,34.99690262965176
2013-12-14 17:00:00+00:00,9408,34.571663061197505
2013-12-14 18:00:00+00:00,9408,39.27041455847633
2013-12-14 19:00:00+00:00,9408,44.92746230678157
2013-12-14 20:00:00+00:00,9408,35.8140497223597
2013-12-14 21:00:00+00:00,9408,31.34642276458704
2013-12-14 22:00:00+00:00,9408,30.163724009925794
2013-12-14 23:00:00+00:00,9408,24.743433806704264
2013-12-15 00:00:00+00:00,9408,21.670948015490875
2013-12-15 01:00:00+00:00,9408,20.231057889990982
2013-12-15 02:00:00+00:00,9408,18.050685597704557
2013-12-15 03:00:00+00:00,9408,16.68197862907863
2013-12-15 04:00:00+00:00,9408,14.523259596119267
2013-12-15 05:00:00+00:00,9408,17.86775743009826
2013-12-15 06:00:00+00:00,9408,17.600924468641974
2013-12-15 07:00:00+00:00,9408,20.668402952743683
2013-12-15 08:00:00+00:00,9408,31.325716332526465
2013-12-15 09:00:00+00:00,9408,38.38049873147255
2013-12-15 10:00:00+00:00,9408,29.209560719887467
2013-12-15 11:00:00+00:00,9408,36.97248936930134
2013-12-15 12:00:00+00:00,9408,33.39647453287638
2013-12-15 13:00:00+00:00,9408,34.10332233499031
2013-12-15 14:00:00+00:00,9408,38.960053524210636
2013-12-15 15:00:00+00:00,9408,32.91710577549588
2013-12-15 16:00:00+00:00,9408,42.670789485501544
2013-12-15 17:00:00+00:00,9408,42.32289833932823
2013-12-15 18:00:00+00:00,9408,38.68313771109136
2013-12-15 19:00:00+00:00,9408,38.80998953725898
2013-12-15 20:00:00+00:00,9408,35.644302657629
2013-12-15 21:00:00+00:00,9408,28.518026396866784
2013-12-15 22:00:00+00:00,9408,26.38059005821424
2013-12-15 23:00:00+00:00,9408,18.24438664821771
2013-12-16 00:00:00+00:00,9408,17.68669134138871
2013-12-16 01:00:00+00:00,9408,14.291948564286852
2013-12-16 02:00:00+00:00,9408,13.802461470899832
2013-12-16 03:00:00+00:00,9408,14.397858684119411
2013-12-16 04:00:00+00:00,9408,16.2554350420736
2013-12-16 05:00:00+00:00,9408,22.037036998757465
2013-12-16 06:00:00+00:00,9408,34.9494390972378
2013-12-16 07:00:00+00:00,9408,38.407650721782026
2013-12-16 08:00:00+00:00,9408,35.42650212453945
2013-12-16 09:00:00+00:00,9408,39.02707198160182
2013-12-16 10:00:00+00:00,9408,36.77182832871998
2013-12-16 11:00:00+00:00,9408,41.301397526972764
2013-12-16 12:00:00+00:00,9408,45.85775151369873
2013-12-16 13:00:00+00:00,9408,40.109883760031884
2013-12-16 14:00:00+00:00,9408,41.11078445978353
2013-12-16 15:00:00+00:00,9408,36.70167648805398
2013-12-16 16:00:00+00:00,9408,39.52940312979734
2013-12-16 17:00:00+00:00,9408,46.25985140232939
2013-12-16 18:00:00+00:00,9408,44.016354148320964
2013-12-16 19:00:00+00:00,9408,43.866763367114146
2013-12-16 20:00:00+00:00,9408,39.02105650831323
2013-12-16 21:00:00+00:00,9408,33.559795366283005
2013-12-16 22:00:00+00:00,9408,28.3600680062819
2013-12-16 23:00:00+00:00,9408,25.28329261801808
2013-12-17 00:00:00+00:00,9408,17.404230808669016
2013-12-17 01:00:00+00:00,9408,14.956785209603536
2013-12-17 02:00:00+00:00,9408,13.584306961187124
2013-12-17 03:00:00+00:00,9408,13.250814395224424
2013-12-17 04:00:00+00:00,9408,15.917360750370948
2013-12-17 05:00:00+00:00,9408,23.285321978827582
2013-12-17 06:00:00+00:00,9408,35.25830191515565
2013-12-17 07:00:00+00:00,9408,36.689994446936765
2013-12-17 08:00:00+00:00,9408,35.5325946585651
2013-12-17 09:00:00+00:00,9408,35.07000892235187
2013-12-17 10:00:00+00:00,9408,38.36912016112362
2013-12-17 11:00:00+00:00,9408,47.86026300472059
2013-12-17 12:00:00+00:00,9408,51.42079643183084
2013-12-17 13:00:00+00:00,9408,44.41483324139535
2013-12-17 14:00:00+00:00,9408,43.323357029947296
2013-12-17 15:00:00+00:00,9408,45.382393286616356
2013-12-17 16:00:00+00:00,9408,43.59415300755812
2013-12-17 17:00:00+00:00,9408,44.40372657961754
2013-12-17 18:00:00+00:00,9408,44.196203304798395
2013-12-17 19:00:00+00:00,9408,47.5796720036617
2013-12-17 20:00:00+00:00,9408,38.16522990692356
2013-12-17 21:00:00+00:00,9408,35.31016719061283
2013-12-17 22:00:00+00:00,9408,27.357547437923323
2013-12-17 23:00:00+00:00,9408,24.472005467071043
2013-12-18 00:00:00+00:00,9408,17.614167744330796
2013-12-18 01:00:00+00:00,9408,15.499869089593972
2013-12-18 02:00:00+00:00,9408,15.91668871472654
2013-12-18 03:00:00+00:00,9408,16.406324726027623
2013-12-18 04:00:00+00:00,9408,15.313036445452799
2013-12-18 05:00:00+00:00,9408,22.547403184889227
2013-12-18 06:00:00+00:00,9408,32.84471509063419
2013-12-18 07:00:00+00:00,9408,39.80934014413251
2013-12-18 08:00:00+00:00,9408,39.36916418720984
2013-12-18 09:00:00+00:00,9408,35.820224125710766
2013-12-18 10:00:00+00:00,9408,40.35425180867447
2013-12-18 11:00:00+00:00,9408,43.00899783187488
2013-12-18 12:00:00+00:00,9408,43.582741581729096
2013-12-18 13:00:00+00:00,9408,42.557559476399454
2013-12-18 14:00:00+00:00,9408,39.689358172387365
2013-12-18 15:00:00+00:00,9408,42.72925771906786
2013-12-18 16:00:00+00:00,9408,47.639593424740326
2013-12-18 17:00:00+00:00,9408,45.898564569080406
2013-12-18 18:00:00+00:00,9408,47.07903631268384
2013-12-18 19:00:00+00:00,9408,41.89545175243544
2013-12-18 20:00:00+00:00,9408,36.204221440342906
2013-12-18 21:00:00+00:00,9408,32.963642178494425
2013-12-18 22:00:00+00:00,9408,31.877487613385483
2013-12-18 23:00:00+00:00,9408,20.865632010154485
2013-12-19 00:00:00+00:00,9408,15.835103764873946
2013-12-19 01:00:00+00:00,9408,14.42718553888011
2013-12-19 02:00:00+00:00,9408,15.716082451154923
2013-12-19 03:00:00+00:00,9408,17.009329828958958
2013-12-19 04:00:00+00:00,9408,16.290835490255237
2013-12-19 05:00:00+00:00,9408,28.354769487417457
2013-12-19 06:00:00+00:00,9408,38.536701084941114
2013-12-19 07:00:00+00:00,9408,40.40799722223437
2013-12-19 08:00:00+00:00,9408,40.35701658960991
2013-12-19 09:00:00+00:00,9408,36.40246644589185
2013-12-19 10:00:00+00:00,9408,39.44970479583451
2013-12-19 11:00:00+00:00,9408,40.7820228560865
2013-12-19 12:00:00+00:00,9408,44.60587043449554
2013-12-19 13:00:00+00:00,9408,46.20735213618854
2013-12-19 14:00:00+00:00,9408,41.43792644708381
2013-12-19 15:00:00+00:00,9408,41.06612495189397
2013-12-19 16:00:00+00:00,9408,42.283234345718085
2013-12-19 17:00:00+00:00,9408,47.16992675909378
2013-12-19 18:00:00+00:00,9408,52.785950892363026
2013-12-19 19:00:00+00:00,9408,51.67684725495225
2013-12-19 20:00:00+00:00,9408,48.098391889186324
2013-12-19 21:00:00+00:00,9408,42.39594706669615
2013-12-19 22:00:00+00:00,9408,34.02445938429757
2013-12-19 23:00:00+00:00,9408,26.030820926637702
2013-12-20 00:00:00+00:00,9408,21.25726950007798
2013-12-20 01:00:00+00:00,9408,18.1534005593497
2013-12-20 02:00:00+00:00,9408,19.122469216002674
2013-12-20 03:00:00+00:00,9408,19.55919306384396
2013-12-20 04:00:00+00:00,9408,19.066986178173856
2013-12-20 05:00:00+00:00,9408,24.45794767364997
2013-12-20 06:00:00+00:00,9408,35.56876933880993
2013-12-20 07:00:00+00:00,9408,49.21964022509356
2013-12-20 08:00:00+00:00,9408,45.63100455929845
2013-12-20 09:00:00+00:00,9408,43.24992330488672
2013-12-20 10:00:00+00:00,9408,41.985054472464384
2013-12-20 11:00:00+00:00,9408,44.68475727577752
2013-12-20 12:00:00+00:00,9408,52.251848459709436
2013-12-20 13:00:00+00:00,9408,50.98529211814507
2013-12-20 14:00:00+00:00,9408,42.64356794098258
2013-12-20 15:00:00+00:00,9408,42.26575618430577
2013-12-20 16:00:00+00:00,9408,43.67597146470814
2013-12-20 17:00:00+00:00,9408,48.51282402086129
2013-12-20 18:00:00+00:00,9408,51.8382156279385
2013-12-20 19:00:00+00:00,9408,50.791732061377715
2013-12-20 20:00:00+00:00,9408,48.62952090840734
2013-12-20 21:00:00+00:00,9408,37.44388500962249
2013-12-20 22:00:00+00:00,9408,36.6919165071854
2013-12-20 23:00:00+00:00,9408,33.88081963905712
2013-12-21 00:00:00+00:00,9408,25.376018036670953
2013-12-21 01:00:00+00:00,9408,19.84344657587858
2013-12-21 02:00:00+00:00,9408,17.1800439798726
2013-12-21 03:00:00+00:00,9408,17.301318867559505
2013-12-21 04:00:00+00:00,9408,18.586407729010702
2013-12-21 05:00:00+00:00,9408,18.027003790982036
2013-12-21 06:00:00+00:00,9408,23.612619136800987
2013-12-21 07:00:00+00:00,9408,29.21995230934471
2013-12-21 08:00:00+00:00,9408,40.33788919519821
2013-12-21 09:00:00+00:00,9408,47.493568584062
2013-12-21 10:00:00+00:00,9408,41.52106811176471
2013-12-21 11:00:00+00:00,9408,38.55740705102372
2013-12-21 12:00:00+00:00,9408,46.099588112897145
2013-12-21 13:00:00+00:00,9408,48.718912563142524
2013-12-21 14:00:00+00:00,9408,43.509690540931416
2013-12-21 15:00:00+00:00,9408,41.65944877062719
2013-12-21 16:00:00+00:00,9408,35.9096429236769
2013-12-21 17:00:00+00:00,9408,41.537903054411295
2013-12-21 18:00:00+00:00,9408,43.70445894731667
2013-12-21 19:00:00+00:00,9408,44.13119726081085
2013-12-21 20:00:00+00:00,9408,43.22690532865284
2013-12-21 21:00:00+00:00,9408,38.25444199967981
2013-12-21 22:00:00+00:00,9408,38.141095923686535
2013-12-21 23:00:00+00:00,9408,30.290248379111354
2013-12-22 00:00:00+00:00,9408,23.296173692637705
2013-12-22 01:00:00+00:00,9408,22.92582076158001
2013-12-22 02:00:00+00:00,9408,18.59095208340178
2013-12-22 03:00:00+00:00,9408,18.256701367214582
2013-12-22 04:00:00+00:00,9408,19.113134656413763
2013-12-22 05:00:00+00:00,9408,19.131042062699414
2013-12-22 06:00:00+00:00,9408,22.485829618172062
2013-12-22 07:00:00+00:00,9408,25.064821473927502
2013-12-22 08:00:00+00:00,9408,31.00752428084604
2013-12-22 09:00:00+00:00,9408,41.16889028666734
2013-12-22 10:00:00+00:00,9408,38.99517308846653
2013-12-22 11:00:00+00:00,9408,45.08527990228562
2013-12-22 12:00:00+00:00,9408,41.17137406019771
2013-12-22 13:00:00+00:00,9408,41.584192328703644
2013-12-22 14:00:00+00:00,9408,43.94983707076708
2013-12-22 15:00:00+00:00,9408,38.010272510256144
2013-12-22 16:00:00+00:00,9408,40.960759902207194
2013-12-22 17:00:00+00:00,9408,43.75742353410439
2013-12-22 18:00:00+00:00,9408,39.51980555429384
2013-12-22 19:00:00+00:00,9408,39.03276321162228
2013-12-22 20:00:00+00:00,9408,33.78137317010835
2013-12-22 21:00:00+00:00,9408,33.90069475948525
2013-12-22 22:00:00+00:00,9408,29.709920499674578
2013-12-22 23:00:00+00:00,9408,20.68779270592846
2013-12-23 00:00:00+00:00,9408,13.1502215509342
2013-12-23 01:00:00+00:00,9408,13.116255430619049
2013-12-23 02:00:00+00:00,9408,11.076264574314786
2013-12-23 03:00:00+00:00,9408,12.752409326098004
2013-12-23 04:00:00+00:00,9408,12.891966939572798
2013-12-23 05:00:00+00:00,9408,17.60274304507545
2013-12-23 06:00:00+00:00,9408,23.67976145685096
2013-12-23 07:00:00+00:00,9408,30.064538746784304
2013-12-23 08:00:00+00:00,9408,36.20763284152437
2013-12-23 09:00:00+00:00,9408,34.19659017866828
2013-12-23 10:00:00+00:00,9408,35.8873237541773
2013-12-23 11:00:00+00:00,9408,37.624693373719026
2013-12-23 12:00:00+00:00,9408,43.02010241819456
2013-12-23 13:00:00+00:00,9408,42.272660911230254
2013-12-23 14:00:00+00:00,9408,38.23733163217345
2013-12-23 15:00:00+00:00,9408,37.39162386249809
2013-12-23 16:00:00+00:00,9408,42.45953398026582
2013-12-23 17:00:00+00:00,9408,38.09001652656746
2013-12-23 18:00:00+00:00,9408,40.019114847750686
2013-12-23 19:00:00+00:00,9408,43.98384544582467
2013-12-23 20:00:00+00:00,9408,40.52866888759528
2013-12-23 21:00:00+00:00,9408,35.385536619705924
2013-12-23 22:00:00+00:00,9408,26.206885610777515
2013-12-23 23:00:00+00:00,9408,23.078871321100667
2013-12-24 00:00:00+00:00,9408,24.017592057505162
2013-12-24 01:00:00+00:00,9408,17.371978870090185
2013-12-24 02:00:00+00:00,9408,18.493429121332973
2013-12-24 03:00:00+00:00,9408,16.376130450258227
2013-12-24 04:00:00+00:00,9408,17.078007542523014
2013-12-24 05:00:00+00:00,9408,19.69331362477097
2013-12-24 06:00:00+00:00,9408,22.90096129734417
2013-12-24 07:00:00+00:00,9408,26.656910693254744
2013-12-24 08:00:00+00:00,9408,36.384048065655904
2013-12-24 09:00:00+00:00,9408,42.37441733864154
2013-12-24 10:00:00+00:00,9408,45.64329088762246
2013-12-24 11:00:00+00:00,9408,39.296959677170584
2013-12-24 12:00:00+00:00,9408,43.31923397266258
2013-12-24 13:00:00+00:00,9408,45.29134974540227
2013-12-24 14:00:00+00:00,9408,44.095499266245945
2013-12-24 15:00:00+00:00,9408,40.50145818831189
2013-12-24 16:00:00+00:00,9408,44.58321408319264
2013-12-24 17:00:00+00:00,9408,47.45729002351492
2013-12-24 18:00:00+00:00,9408,45.642770965032035
2013-12-24 19:00:00+00:00,9408,50.524484011730905
2013-12-24 20:00:00+00:00,9408,47.6525502118358
2013-12-24 21:00:00+00:00,9408,46.80482801905516
2013-12-24 22:00:00+00:00,9408,42.06644597260582
2013-12-24 23:00:00+00:00,9408,35.21154071309661
2013-12-25 00:00:00+00:00,9408,26.89413913938894
2013-12-25 01:00:00+00:00,9408,23.358278869484867
2013-12-25 02:00:00+00:00,9408,21.09063762650284
2013-12-25 03:00:00+00:00,9408,21.787197465173936
2013-12-25 04:00:00+00:00,9408,20.897693050579257
2013-12-25 05:00:00+00:00,9408,21.71581821072177
2013-12-25 06:00:00+00:00,9408,18.716951601647967
2013-12-25 07:00:00+00:00,9408,22.387223810470942
2013-12-25 08:00:00+00:00,9408,36.176312083375244
2013-12-25 09:00:00+00:00,9408,40.62108742275237
2013-12-25 10:00:00+00:00,9408,48.634735236508156
2013-12-25 11:00:00+00:00,9408,58.169187779968304
2013-12-25 12:00:00+00:00,9408,59.30946349819699
2013-12-25 13:00:00+00:00,9408,60.43662306749769
2013-12-25 14:00:00+00:00,9408,67.68324066010334
2013-12-25 15:00:00+00:00,9408,66.55766539976105
2013-12-25 16:00:00+00:00,9408,61.75395407674547
2013-12-25 17:00:00+00:00,9408,55.889093487043276
2013-12-25 18:00:00+00:00,9408,57.995872743409166
2013-12-25 19:00:00+00:00,9408,58.897569226811456
2013-12-25 20:00:00+00:00,9408,55.1526743492864
2013-12-25 21:00:00+00:00,9408,49.01206231719806
2013-12-25 22:00:00+00:00,9408,40.169135628393406
2013-12-25 23:00:00+00:00,9408,33.609353375537545
2013-12-26 00:00:00+00:00,9408,26.03291837712398
2013-12-26 01:00:00+00:00,9408,21.632031601796417
2013-12-26 02:00:00+00:00,9408,19.083559297379058
2013-12-26 03:00:00+00:00,9408,18.845269416204562
2013-12-26 04:00:00+00:00,9408,20.25925449009515
2013-12-26 05:00:00+00:00,9408,21.11021936128265
2013-12-26 06:00:00+00:00,9408,22.566175225971072
2013-12-26 07:00:00+00:00,9408,25.889348222074112
2013-12-26 08:00:00+00:00,9408,26.867343282112675
2013-12-26 09:00:00+00:00,9408,36.89707058233158
2013-12-26 10:00:00+00:00,9408,45.492857193706136
2013-12-26 11:00:00+00:00,9408,56.350316217526874
2013-12-26 12:00:00+00:00,9408,51.522512615560196
2013-12-26 13:00:00+00:00,9408,56.73722566798693
2013-12-26 14:00:00+00:00,9408,55.661507588451265
2013-12-26 15:00:00+00:00,9408,56.12440995980584
2013-12-26 16:00:00+00:00,9408,50.35570128214303
2013-12-26 17:00:00+00:00,9408,49.60432558366424
2013-12-26 18:00:00+00:00,9408,43.52867025806457
2013-12-26 19:00:00+00:00,9408,45.58885155288755
2013-12-26 20:00:00+00:00,9408,45.543447994321895
2013-12-26 21:00:00+00:00,9408,42.480639148986114
2013-12-26 22:00:00+00:00,9408,35.35915440295654
2013-12-26 23:00:00+00:00,9408,31.51128579131178
2013-12-27 00:00:00+00:00,9408,21.357603245311353
2013-12-27 01:00:00+00:00,9408,21.117734291461957
2013-12-27 02:00:00+00:00,9408,19.079070844626067
2013-12-27 03:00:00+00:00,9408,20.071915177258973
2013-12-27 04:00:00+00:00,9408,22.738860031230214
2013-12-27 05:00:00+00:00,9408,25.11804642072378
2013-12-27 06:00:00+00:00,9408,28.88208116879493
2013-12-27 07:00:00+00:00,9408,30.759899113323154
2013-12-27 08:00:00+00:00,9408,39.17376815877417
2013-12-27 09:00:00+00:00,9408,38.38072058939575
2013-12-27 10:00:00+00:00,9408,38.66100407627634
2013-12-27 11:00:00+00:00,9408,38.00025942017852
2013-12-27 12:00:00+00:00,9408,36.30160945368578
2013-12-27 13:00:00+00:00,9408,38.31420057521245
2013-12-27 14:00:00+00:00,9408,34.82045241096636
2013-12-27 15:00:00+00:00,9408,41.74955755297223
2013-12-27 16:00:00+00:00,9408,41.17133628494341
2013-12-27 17:00:00+00:00,9408,43.41075865652637
2013-12-27 18:00:00+00:00,9408,37.41995749753254
2013-12-27 19:00:00+00:00,9408,37.05900330510981
2013-12-27 20:00:00+00:00,9408,38.59167181811558
2013-12-27 21:00:00+00:00,9408,32.14594971728222
2013-12-27 22:00:00+00:00,9408,28.434178726891293
2013-12-27 23:00:00+00:00,9408,23.72261437058865
2013-12-28 00:00:00+00:00,9408,22.034552719180613
2013-12-28 01:00:00+00:00,9408,18.794416743998173
2013-12-28 02:00:00+00:00,9408,14.610239394766065
2013-12-28 03:00:00+00:00,9408,12.489008658997665
2013-12-28 04:00:00+00:00,9408,13.260065609665574
2013-12-28 05:00:00+00:00,9408,16.4431496875954
2013-12-28 06:00:00+00:00,9408,20.701076373273573
2013-12-28 07:00:00+00:00,9408,24.939569034442314
2013-12-28 08:00:00+00:00,9408,27.863049772492555
2013-12-28 09:00:00+00:00,9408,31.055951184309194
2013-12-28 10:00:00+00:00,9408,32.677615394894346
2013-12-28 11:00:00+00:00,9408,36.04831040589932
2013-12-28 12:00:00+00:00,9408,35.852515048637414
2013-12-28 13:00:00+00:00,9408,38.37517701700101
2013-12-28 14:00:00+00:00,9408,40.41093593843033
2013-12-28 15:00:00+00:00,9408,33.04367691836915
2013-12-28 16:00:00+00:00,9408,30.667638403535268
2013-12-28 17:00:00+00:00,9408,35.33429984232998
2013-12-28 18:00:00+00:00,9408,37.90686392451404
2013-12-28 19:00:00+00:00,9408,36.78535218243807
2013-12-28 20:00:00+00:00,9408,38.67113505667166
2013-12-28 21:00:00+00:00,9408,37.402198207546185
2013-12-28 22:00:00+00:00,9408,32.072621421218734
2013-12-28 23:00:00+00:00,9408,35.64244707252351
2013-12-29 00:00:00+00:00,9408,27.471208846298452
2013-12-29 01:00:00+00:00,9408,19.15284579848517
2013-12-29 02:00:00+00:00,9408,17.916495254195546
2013-12-29 03:00:00+00:00,9408,15.913749898908899
2013-12-29 04:00:00+00:00,9408,14.666202504920825
2013-12-29 05:00:00+00:00,9408,16.17815370206137
2013-12-29 06:00:00+00:00,9408,16.21843790358021
2013-12-29 07:00:00+00:00,9408,19.570802334313445
2013-12-29 08:00:00+00:00,9408,27.49374625931364
2013-12-29 09:00:00+00:00,9408,32.17783592034978
2013-12-29 10:00:00+00:00,9408,31.340499861845426
2013-12-29 11:00:00+00:00,9408,38.32949713185917
2013-12-29 12:00:00+00:00,9408,31.57622478474933
2013-12-29 13:00:00+00:00,9408,36.50459133315338
2013-12-29 14:00:00+00:00,9408,39.10291086175301
2013-12-29 15:00:00+00:00,9408,33.534786245575866
2013-12-29 16:00:00+00:00,9408,30.00162599544842
2013-12-29 17:00:00+00:00,9408,32.96812462216022
2013-12-29 18:00:00+00:00,9408,35.522486300630824
2013-12-29 19:00:00+00:00,9408,35.455622268771585
2013-12-29 20:00:00+00:00,9408,34.17273540348061
2013-12-29 21:00:00+00:00,9408,30.114602801343164
2013-12-29 22:00:00+00:00,9408,26.87819490865218
2013-12-29 23:00:00+00:00,9408,22.63277942164894
2013-12-30 00:00:00+00:00,9408,19.017032319065006
2013-12-30 01:00:00+00:00,9408,16.258580061620272
2013-12-30 02:00:00+00:00,9408,14.82950429268724
2013-12-30 03:00:00+00:00,9408,15.180028069766223
2013-12-30 04:00:00+00:00,9408,16.31256224071774
2013-12-30 05:00:00+00:00,9408,20.7191886528377
2013-12-30 06:00:00+00:00,9408,26.832607047888136
2013-12-30 07:00:00+00:00,9408,25.0765815590075
2013-12-30 08:00:00+00:00,9408,32.70885114442042
2013-12-30 09:00:00+00:00,9408,31.89184331523631
2013-12-30 10:00:00+00:00,9408,30.478781186832418
2013-12-30 11:00:00+00:00,9408,34.23104425166345
2013-12-30 12:00:00+00:00,9408,35.53232071270049
2013-12-30 13:00:00+00:00,9408,37.13199638560203
2013-12-30 14:00:00+00:00,9408,36.50297476881385
2013-12-30 15:00:00+00:00,9408,33.298603664260554
2013-12-30 16:00:00+00:00,9408,35.43773325017221
2013-12-30 17:00:00+00:00,9408,34.455035231897725
2013-12-30 18:00:00+00:00,9408,37.2689159490112
2013-12-30 19:00:00+00:00,9408,32.543946080201565
2013-12-30 20:00:00+00:00,9408,30.628365051629906
2013-12-30 21:00:00+00:00,9408,26.112611560704597
2013-12-30 22:00:00+00:00,9408,25.963565068401927
2013-12-30 23:00:00+00:00,9408,26.346011489372273
2013-12-31 00:00:00+00:00,9408,17.33258840035181
2013-12-31 01:00:00+00:00,9408,15.447237995976419
2013-12-31 02:00:00+00:00,9408,17.416276231031407
2013-12-31 03:00:00+00:00,9408,15.824521243065021
2013-12-31 04:00:00+00:00,9408,16.31818944582741
2013-12-31 05:00:00+00:00,9408,16.74932385718356
2013-12-31 06:00:00+00:00,9408,18.548402331008926
2013-12-31 07:00:00+00:00,9408,23.280698638467765
2013-12-31 08:00:00+00:00,9408,28.41924711743065
2013-12-31 09:00:00+00:00,9408,29.912892951566754
2013-12-31 10:00:00+00:00,9408,32.09246687229628
2013-12-31 11:00:00+00:00,9408,34.614470515330005
2013-12-31 12:00:00+00:00,9408,32.0078594916481
2013-12-31 13:00:00+00:00,9408,33.2921001250805
2013-12-31 14:00:00+00:00,9408,28.908494511230913
2013-12-31 15:00:00+00:00,9408,32.742135594118025
2013-12-31 16:00:00+00:00,9408,34.66215796133997
2013-12-31 17:00:00+00:00,9408,35.16303249928811
2013-12-31 18:00:00+00:00,9408,44.31447045940871
2013-12-31 19:00:00+00:00,9408,50.5878639462925
2013-12-31 20:00:00+00:00,9408,45.16495212348349
2013-12-31 21:00:00+00:00,9408,46.83997632923753
2013-12-31 22:00:00+00:00,9408,47.51441006437588
2013-12-31 23:00:00+00:00,9408,49.90070335588724
2014-01-01 00:00:00+00:00,9408,45.304176349304825
2014-01-01 01:00:00+00:00,9408,39.01577234700138
2014-01-01 02:00:00+00:00,9408,29.416263968798283
2014-01-01 03:00:00+00:00,9408,20.856026085847358
2014-01-01 04:00:00+00:00,9408,17.724582079842598
2014-01-01 05:00:00+00:00,9408,16.07712757554131
2014-01-01 06:00:00+00:00,9408,14.069323253044292
2014-01-01 07:00:00+00:00,9408,18.115572813323613
2014-01-01 08:00:00+00:00,9408,18.425978893761343
2014-01-01 09:00:00+00:00,9408,19.741115558658205
2014-01-01 10:00:00+00:00,9408,29.244020980521206
2014-01-01 11:00:00+00:00,9408,30.673611424011575
2014-01-01 12:00:00+00:00,9408,34.49679885757175
2014-01-01 13:00:00+00:00,9408,32.516198892539165
2014-01-01 14:00:00+00:00,9408,32.30505068746175
2014-01-01 15:00:00+00:00,9408,27.384868912918648
2014-01-01 16:00:00+00:00,9408,31.587777971245792
2014-01-01 17:00:00+00:00,9408,30.123578885578468
2014-01-01 18:00:00+00:00,9408,31.814483053684366
2014-01-01 19:00:00+00:00,9408,28.17712830871151
2014-01-01 20:00:00+00:00,9408,29.146997329477983
2014-01-01 21:00:00+00:00,9408,25.169035757294523
2014-01-01 22:00:00+00:00,9408,25.87330124129829
