timestamp,cell_id,site_id,sector_id,technology,band,prb_dl_util,prb_ul_util,throughput_dl_mbps,throughput_ul_mbps,rrc_users,latency_ms,packet_loss_pct,sinr_db
2024-01-01 00:00:00+00:00,CELL_001,SITE_01,SITE_01_SEC_1,5G NSA,n78,65.265,44.226,81.475,48.624,181,22.063,0.51,18.011
2024-01-01 01:00:00+00:00,CELL_001,SITE_01,SITE_01_SEC_1,5G NSA,n78,61.818,41.438,105.564,52.971,204,20.86,0.415,18.192
2024-01-01 02:00:00+00:00,CELL_001,SITE_01,SITE_01_SEC_1,5G NSA,n78,57.439,35.412,97.01,62.471,192,21.005,0.036,19.088
2024-01-01 03:00:00+00:00,CELL_001,SITE_01,SITE_01_SEC_1,5G NSA,n78,51.786,33.569,113.535,68.817,189,19.798,0.0,19.125
2024-01-01 04:00:00+00:00,CELL_001,SITE_01,SITE_01_SEC_1,5G NSA,n78,47.504,33.969,109.148,53.607,173,20.381,0.0,20.688
2024-01-01 05:00:00+00:00,CELL_001,SITE_01,SITE_01_SEC_1,5G NSA,n78,39.522,25.432,128.395,70.197,160,18.592,0.0,20.899
2024-01-01 06:00:00+00:00,CELL_001,SITE_01,SITE_01_SEC_1,5G NSA,n78,38.928,26.66,124.89,62.321,135,17.462,0.0,22.231
2024-01-01 07:00:00+00:00,CELL_001,SITE_01,SITE_01_SEC_1,5G NSA,n78,32.924,24.286,132.873,67.742,120,17.971,0.0,22.08
2024-01-01 08:00:00+00:00,CELL_001,SITE_01,SITE_01_SEC_1,5G NSA,n78,33.031,18.63,133.877,65.923,158,15.925,0.0,21.805
2024-01-01 09:00:00+00:00,CELL_001,SITE_01,SITE_01_SEC_1,5G NSA,n78,34.254,24.0,135.025,70.328,142,17.109,0.0,20.664
2024-01-01 10:00:00+00:00,CELL_001,SITE_01,SITE_01_SEC_1,5G NSA,n78,33.7,19.367,138.401,69.254,129,17.407,0.0,21.706
2024-01-01 11:00:00+00:00,CELL_001,SITE_01,SITE_01_SEC_1,5G NSA,n78,38.893,23.72,126.856,59.029,151,16.486,0.0,19.991
2024-01-01 12:00:00+00:00,CELL_001,SITE_01,SITE_01_SEC_1,5G NSA,n78,41.207,21.926,134.765,67.389,156,19.478,0.0,20.519
2024-01-01 13:00:00+00:00,CELL_001,SITE_01,SITE_01_SEC_1,5G NSA,n78,41.056,24.099,110.755,69.278,174,18.854,0.0,19.414
2024-01-01 14:00:00+00:00,CELL_001,SITE_01,SITE_01_SEC_1,5G NSA,n78,48.542,27.978,114.643,71.43,180,19.48,0.0,20.278
2024-01-01 15:00:00+00:00,CELL_001,SITE_01,SITE_01_SEC_1,5G NSA,n78,53.622,38.682,110.465,60.568,199,19.153,0.0,18.876
2024-01-01 16:00:00+00:00,CELL_001,SITE_01,SITE_01_SEC_1,5G NSA,n78,56.325,29.415,102.183,54.702,202,19.793,0.129,20.248
2024-01-01 17:00:00+00:00,CELL_001,SITE_01,SITE_01_SEC_1,5G NSA,n78,67.601,53.568,80.822,28.45,221,23.137,0.467,18.218
2024-01-01 18:00:00+00:00,CELL_001,SITE_01,SITE_01_SEC_1,5G NSA,n78,63.189,38.614,95.952,52.524,222,20.867,0.075,18.507
2024-01-01 19:00:00+00:00,CELL_001,SITE_01,SITE_01_SEC_1,5G NSA,n78,67.337,48.821,96.957,41.124,216,21.352,0.424,17.96
2024-01-01 20:00:00+00:00,CELL_001,SITE_01,SITE_01_SEC_1,5G NSA,n78,75.241,43.364,71.201,53.462,243,24.501,0.981,17.944
2024-01-01 21:00:00+00:00,CELL_001,SITE_01,SITE_01_SEC_1,5G NSA,n78,67.033,43.345,79.701,42.433,207,22.932,0.917,18.781
2024-01-01 22:00:00+00:00,CELL_001,SITE_01,SITE_01_SEC_1,5G NSA,n78,67.55,43.024,90.563,47.073,234,24.135,0.713,19.978
2024-01-01 23:00:00+00:00,CELL_001,SITE_01,SITE_01_SEC_1,5G NSA,n78,66.196,36.144,103.843,64.282,191,22.376,0.483,20.02
2024-01-02 00:00:00+00:00,CELL_001,SITE_01,SITE_01_SEC_1,5G NSA,n78,59.043,33.027,97.136,58.598,207,21.251,0.27,20.543
2024-01-02 01:00:00+00:00,CELL_001,SITE_01,SITE_01_SEC_1,5G NSA,n78,58.544,38.873,100.576,48.855,166,19.904,0.002,19.016
2024-01-02 02:00:00+00:00,CELL_001,SITE_01,SITE_01_SEC_1,5G NSA,n78,56.387,29.654,100.004,60.19,193,22.225,0.177,20.693
2024-01-02 03:00:00+00:00,CELL_001,SITE_01,SITE_01_SEC_1,5G NSA,n78,48.306,27.166,116.726,65.075,173,18.428,0.0,20.341
2024-01-02 04:00:00+00:00,CELL_001,SITE_01,SITE_01_SEC_1,5G NSA,n78,51.536,39.46,108.127,45.196,170,19.537,0.0,20.962
2024-01-02 05:00:00+00:00,CELL_001,SITE_01,SITE_01_SEC_1,5G NSA,n78,37.408,20.576,128.198,65.141,122,17.35,0.0,20.923
2024-01-02 06:00:00+00:00,CELL_001,SITE_01,SITE_01_SEC_1,5G NSA,n78,30.616,13.114,128.369,72.058,173,19.103,0.0,20.496
2024-01-02 07:00:00+00:00,CELL_001,SITE_01,SITE_01_SEC_1,5G NSA,n78,32.001,21.207,128.904,68.627,169,18.053,0.0,21.101
2024-01-02 08:00:00+00:00,CELL_001,SITE_01,SITE_01_SEC_1,5G NSA,n78,31.018,13.731,135.995,78.116,138,16.296,0.0,22.43
2024-01-02 09:00:00+00:00,CELL_001,SITE_01,SITE_01_SEC_1,5G NSA,n78,31.397,20.873,137.614,66.562,143,17.403,0.0,23.372
2024-01-02 10:00:00+00:00,CELL_001,SITE_01,SITE_01_SEC_1,5G NSA,n78,36.379,24.098,121.989,73.062,141,18.136,0.0,19.52
2024-01-02 11:00:00+00:00,CELL_001,SITE_01,SITE_01_SEC_1,5G NSA,n78,36.32,24.336,127.196,68.199,135,17.874,0.0,21.001
2024-01-02 12:00:00+00:00,CELL_001,SITE_01,SITE_01_SEC_1,5G NSA,n78,35.667,22.724,111.316,67.228,173,17.919,0.0,20.812
2024-01-02 13:00:00+00:00,CELL_001,SITE_01,SITE_01_SEC_1,5G NSA,n78,34.832,22.908,120.706,72.557,175,17.179,0.0,20.266
2024-01-02 14:00:00+00:00,CELL_001,SITE_01,SITE_01_SEC_1,5G NSA,n78,43.304,32.049,135.398,65.441,175,19.456,0.0,20.931
2024-01-02 15:00:00+00:00,CELL_001,SITE_01,SITE_01_SEC_1,5G NSA,n78,51.219,30.569,105.276,65.907,183,18.781,0.0,19.731
2024-01-02 16:00:00+00:00,CELL_001,SITE_01,SITE_01_SEC_1,5G NSA,n78,56.578,38.082,109.466,45.962,220,20.972,0.0,19.007
2024-01-02 17:00:00+00:00,CELL_001,SITE_01,SITE_01_SEC_1,5G NSA,n78,61.518,40.691,88.841,51.507,192,20.383,0.192,19.359
2024-01-02 18:00:00+00:00,CELL_001,SITE_01,SITE_01_SEC_1,5G NSA,n78,63.674,41.913,96.476,50.543,172,22.684,0.757,17.049
2024-01-02 19:00:00+00:00,CELL_001,SITE_01,SITE_01_SEC_1,5G NSA,n78,60.724,40.013,109.83,53.83,177,22.732,0.172,19.874
2024-01-02 20:00:00+00:00,CELL_001,SITE_01,SITE_01_SEC_1,5G NSA,n78,66.884,42.399,91.87,45.404,217,22.524,0.564,18.994
2024-01-02 21:00:00+00:00,CELL_001,SITE_01,SITE_01_SEC_1,5G NSA,n78,66.65,37.089,101.874,51.048,211,21.677,0.623,19.428
2024-01-02 22:00:00+00:00,CELL_001,SITE_01,SITE_01_SEC_1,5G NSA,n78,62.431,44.023,102.452,50.949,217,24.782,0.331,17.202
2024-01-02 23:00:00+00:00,CELL_001,SITE_01,SITE_01_SEC_1,5G NSA,n78,64.796,38.343,103.002,45.563,211,20.865,0.17,18.102
2024-01-03 00:00:00+00:00,CELL_001,SITE_01,SITE_01_SEC_1,5G NSA,n78,57.874,37.978,90.568,42.37,199,21.325,0.049,19.784
2024-01-03 01:00:00+00:00,CELL_001,SITE_01,SITE_01_SEC_1,5G NSA,n78,54.431,34.3,108.352,60.065,200,19.863,0.0,19.823
2024-01-03 02:00:00+00:00,CELL_001,SITE_01,SITE_01_SEC_1,5G NSA,n78,50.024,29.44,110.341,61.444,187,20.999,0.0,18.831
2024-01-03 03:00:00+00:00,CELL_001,SITE_01,SITE_01_SEC_1,5G NSA,n78,38.125,14.303,134.526,74.987,146,18.337,0.0,22.145
2024-01-03 04:00:00+00:00,CELL_001,SITE_01,SITE_01_SEC_1,5G NSA,n78,37.466,28.643,122.722,59.817,156,16.218,0.0,20.681
2024-01-03 05:00:00+00:00,CELL_001,SITE_01,SITE_01_SEC_1,5G NSA,n78,35.591,28.95,135.094,57.295,130,18.264,0.0,19.505
2024-01-03 06:00:00+00:00,CELL_001,SITE_01,SITE_01_SEC_1,5G NSA,n78,32.165,17.522,128.019,70.083,136,17.66,0.0,21.723
2024-01-03 07:00:00+00:00,CELL_001,SITE_01,SITE_01_SEC_1,5G NSA,n78,27.596,22.392,130.93,74.063,130,16.018,0.0,22.137
2024-01-03 08:00:00+00:00,CELL_001,SITE_01,SITE_01_SEC_1,5G NSA,n78,24.355,16.495,163.737,74.677,157,16.089,0.0,21.291
2024-01-03 09:00:00+00:00,CELL_001,SITE_01,SITE_01_SEC_1,5G NSA,n78,25.192,15.516,139.324,67.312,135,13.543,0.0,21.572
2024-01-03 10:00:00+00:00,CELL_001,SITE_01,SITE_01_SEC_1,5G NSA,n78,23.983,22.619,139.926,70.251,144,15.349,0.0,22.248
2024-01-03 11:00:00+00:00,CELL_001,SITE_01,SITE_01_SEC_1,5G NSA,n78,28.551,16.345,132.321,74.504,153,19.685,0.0,23.006
2024-01-03 12:00:00+00:00,CELL_001,SITE_01,SITE_01_SEC_1,5G NSA,n78,29.815,20.808,138.387,66.335,138,17.287,0.0,22.214
2024-01-03 13:00:00+00:00,CELL_001,SITE_01,SITE_01_SEC_1,5G NSA,n78,36.446,24.063,134.429,65.597,148,18.954,0.0,20.782
2024-01-03 14:00:00+00:00,CELL_001,SITE_01,SITE_01_SEC_1,5G NSA,n78,31.404,13.49,144.766,73.587,163,15.222,0.0,20.999
2024-01-03 15:00:00+00:00,CELL_001,SITE_01,SITE_01_SEC_1,5G NSA,n78,49.055,32.154,117.497,51.649,169,19.492,0.0,19.998
2024-01-03 16:00:00+00:00,CELL_001,SITE_01,SITE_01_SEC_1,5G NSA,n78,48.496,31.446,109.023,64.615,187,21.714,0.0,19.321
2024-01-03 17:00:00+00:00,CELL_001,SITE_01,SITE_01_SEC_1,5G NSA,n78,54.06,32.752,103.478,66.161,209,20.807,0.005,21.083
2024-01-03 18:00:00+00:00,CELL_001,SITE_01,SITE_01_SEC_1,5G NSA,n78,52.211,28.606,113.134,54.995,177,21.119,0.0,20.856
2024-01-03 19:00:00+00:00,CELL_001,SITE_01,SITE_01_SEC_1,5G NSA,n78,48.432,26.882,108.007,65.701,151,19.534,0.0,19.982
2024-01-03 20:00:00+00:00,CELL_001,SITE_01,SITE_01_SEC_1,5G NSA,n78,57.445,31.582,107.751,61.923,205,21.859,0.182,21.236
2024-01-03 21:00:00+00:00,CELL_001,SITE_01,SITE_01_SEC_1,5G NSA,n78,56.594,33.86,95.34,51.611,181,19.988,0.066,19.773
2024-01-03 22:00:00+00:00,CELL_001,SITE_01,SITE_01_SEC_1,5G NSA,n78,55.813,31.542,110.568,59.237,205,20.147,0.15,19.704
2024-01-03 23:00:00+00:00,CELL_001,SITE_01,SITE_01_SEC_1,5G NSA,n78,48.969,30.089,106.695,62.365,181,18.089,0.0,21.206
2024-01-04 00:00:00+00:00,CELL_001,SITE_01,SITE_01_SEC_1,5G NSA,n78,49.203,31.96,104.325,58.169,142,18.586,0.0,21.861
2024-01-04 01:00:00+00:00,CELL_001,SITE_01,SITE_01_SEC_1,5G NSA,n78,42.287,22.868,135.801,62.163,168,19.065,0.0,19.13
2024-01-04 02:00:00+00:00,CELL_001,SITE_01,SITE_01_SEC_1,5G NSA,n78,37.306,21.435,136.137,70.845,146,15.839,0.0,20.496
2024-01-04 03:00:00+00:00,CELL_001,SITE_01,SITE_01_SEC_1,5G NSA,n78,40.086,22.343,130.213,72.589,150,18.951,0.0,21.277
2024-01-04 04:00:00+00:00,CELL_001,SITE_01,SITE_01_SEC_1,5G NSA,n78,28.374,18.533,145.266,68.361,115,15.001,0.0,21.948
2024-01-04 05:00:00+00:00,CELL_001,SITE_01,SITE_01_SEC_1,5G NSA,n78,25.263,21.468,146.151,70.95,123,15.299,0.0,21.499
2024-01-04 06:00:00+00:00,CELL_001,SITE_01,SITE_01_SEC_1,5G NSA,n78,22.2,19.214,130.728,79.801,108,18.611,0.0,20.481
2024-01-04 07:00:00+00:00,CELL_001,SITE_01,SITE_01_SEC_1,5G NSA,n78,19.772,11.114,144.401,82.34,116,15.793,0.0,23.048
2024-01-04 08:00:00+00:00,CELL_001,SITE_01,SITE_01_SEC_1,5G NSA,n78,25.245,16.34,144.783,77.553,125,13.962,0.0,21.629
2024-01-04 09:00:00+00:00,CELL_001,SITE_01,SITE_01_SEC_1,5G NSA,n78,24.23,14.326,138.46,79.327,153,16.26,0.0,22.221
2024-01-04 10:00:00+00:00,CELL_001,SITE_01,SITE_01_SEC_1,5G NSA,n78,23.156,13.061,148.599,73.08,100,15.294,0.0,20.612
2024-01-04 11:00:00+00:00,CELL_001,SITE_01,SITE_01_SEC_1,5G NSA,n78,16.671,12.264,136.976,82.273,105,14.994,0.0,21.481
2024-01-04 12:00:00+00:00,CELL_001,SITE_01,SITE_01_SEC_1,5G NSA,n78,27.049,18.168,146.845,74.679,169,16.128,0.0,22.399
2024-01-04 13:00:00+00:00,CELL_001,SITE_01,SITE_01_SEC_1,5G NSA,n78,32.131,17.836,132.791,77.01,137,18.939,0.0,21.047
2024-01-04 14:00:00+00:00,CELL_001,SITE_01,SITE_01_SEC_1,5G NSA,n78,33.694,19.907,116.499,66.955,161,16.452,0.0,20.437
2024-01-04 15:00:00+00:00,CELL_001,SITE_01,SITE_01_SEC_1,5G NSA,n78,34.62,20.66,131.302,65.219,165,17.471,0.0,20.352
2024-01-04 16:00:00+00:00,CELL_001,SITE_01,SITE_01_SEC_1,5G NSA,n78,39.167,26.518,132.304,64.74,155,19.109,0.0,20.856
2024-01-04 17:00:00+00:00,CELL_001,SITE_01,SITE_01_SEC_1,5G NSA,n78,45.405,23.287,124.189,66.122,147,18.038,0.0,21.383
2024-01-04 18:00:00+00:00,CELL_001,SITE_01,SITE_01_SEC_1,5G NSA,n78,42.652,20.458,134.109,71.978,151,19.745,0.0,19.58
2024-01-04 19:00:00+00:00,CELL_001,SITE_01,SITE_01_SEC_1,5G NSA,n78,53.377,33.327,106.44,59.73,194,20.73,0.074,20.456
2024-01-04 20:00:00+00:00,CELL_001,SITE_01,SITE_01_SEC_1,5G NSA,n78,48.618,21.154,123.867,64.8,192,17.547,0.0,20.948
2024-01-04 21:00:00+00:00,CELL_001,SITE_01,SITE_01_SEC_1,5G NSA,n78,59.121,38.72,93.042,53.273,192,21.1,0.003,21.114
2024-01-04 22:00:00+00:00,CELL_001,SITE_01,SITE_01_SEC_1,5G NSA,n78,58.122,40.58,108.376,54.647,182,21.831,0.406,19.922
2024-01-04 23:00:00+00:00,CELL_001,SITE_01,SITE_01_SEC_1,5G NSA,n78,52.878,35.332,94.346,56.853,190,19.793,0.0,21.283
2024-01-05 00:00:00+00:00,CELL_001,SITE_01,SITE_01_SEC_1,5G NSA,n78,52.735,38.132,119.613,53.835,189,20.681,0.0,20.139
2024-01-05 01:00:00+00:00,CELL_001,SITE_01,SITE_01_SEC_1,5G NSA,n78,43.83,21.964,120.192,78.122,166,20.086,0.0,20.718
2024-01-05 02:00:00+00:00,CELL_001,SITE_01,SITE_01_SEC_1,5G NSA,n78,39.362,23.593,125.653,63.856,142,16.798,0.0,21.203
2024-01-05 03:00:00+00:00,CELL_001,SITE_01,SITE_01_SEC_1,5G NSA,n78,29.233,17.634,149.009,78.377,153,16.724,0.0,20.686
2024-01-05 04:00:00+00:00,CELL_001,SITE_01,SITE_01_SEC_1,5G NSA,n78,31.094,20.796,146.823,69.583,161,15.482,0.0,21.708
2024-01-05 05:00:00+00:00,CELL_001,SITE_01,SITE_01_SEC_1,5G NSA,n78,25.338,13.398,141.762,74.132,134,16.428,0.0,22.193
2024-01-05 06:00:00+00:00,CELL_001,SITE_01,SITE_01_SEC_1,5G NSA,n78,23.35,9.919,159.98,74.766,119,13.196,0.0,22.158
2024-01-05 07:00:00+00:00,CELL_001,SITE_01,SITE_01_SEC_1,5G NSA,n78,20.15,12.022,131.415,80.558,138,17.098,0.0,22.046
2024-01-05 08:00:00+00:00,CELL_001,SITE_01,SITE_01_SEC_1,5G NSA,n78,19.741,8.416,163.525,90.502,111,15.577,0.27,22.041999999999998
2024-01-05 09:00:00+00:00,CELL_001,SITE_01,SITE_01_SEC_1,5G NSA,n78,28.218999999999998,16.794999999999998,143.168,89.01899999999999,134,18.633,0.36,22.067
2024-01-05 10:00:00+00:00,CELL_001,SITE_01,SITE_01_SEC_1,5G NSA,n78,24.064,12.551,145.687,78.32,137,17.237000000000002,0.45,21.772
2024-01-05 11:00:00+00:00,CELL_001,SITE_01,SITE_01_SEC_1,5G NSA,n78,22.698,16.247,135.329,72.893,106,17.376,0.54,22.11
2024-01-05 12:00:00+00:00,CELL_001,SITE_01,SITE_01_SEC_1,5G NSA,n78,28.865,15.693999999999999,137.755,74.875,123,17.326999999999998,0.63,20.789
2024-01-05 13:00:00+00:00,CELL_001,SITE_01,SITE_01_SEC_1,5G NSA,n78,32.407,11.602,131.162,76.621,138,19.344,0.72,21.163999999999998
2024-01-05 14:00:00+00:00,CELL_001,SITE_01,SITE_01_SEC_1,5G NSA,n78,40.483,19.673,123.92500000000001,75.465,137,20.426000000000002,0.8099999999999999,17.995
2024-01-05 15:00:00+00:00,CELL_001,SITE_01,SITE_01_SEC_1,5G NSA,n78,47.286,26.267,112.322,61.188,161,23.565,0.9,18.071
2024-01-05 16:00:00+00:00,CELL_001,SITE_01,SITE_01_SEC_1,5G NSA,n78,57.108000000000004,28.362000000000002,99.16,59.789,191,26.057,0.9899999999999999,19.779000000000003
2024-01-05 17:00:00+00:00,CELL_001,SITE_01,SITE_01_SEC_1,5G NSA,n78,60.483999999999995,31.407999999999998,84.757,53.644,193,25.442,1.08,16.957
2024-01-05 18:00:00+00:00,CELL_001,SITE_01,SITE_01_SEC_1,5G NSA,n78,68.928,46.3,85.787,49.843,229,24.334000000000003,1.17,15.924
2024-01-05 19:00:00+00:00,CELL_001,SITE_01,SITE_01_SEC_1,5G NSA,n78,70.208,40.095,94.467,47.840999999999994,208,27.566,1.26,16.534000000000002
2024-01-05 20:00:00+00:00,CELL_001,SITE_01,SITE_01_SEC_1,5G NSA,n78,72.654,45.609,88.871,44.77,231,28.442,1.35,16.054
2024-01-05 21:00:00+00:00,CELL_001,SITE_01,SITE_01_SEC_1,5G NSA,n78,77.045,49.92,76.441,41.35,225,30.152,1.72,15.324
2024-01-05 22:00:00+00:00,CELL_001,SITE_01,SITE_01_SEC_1,5G NSA,n78,75.604,33.757999999999996,41.693,45.403,224,29.296999999999997,1.721,14.577000000000002
2024-01-05 23:00:00+00:00,CELL_001,SITE_01,SITE_01_SEC_1,5G NSA,n78,71.681,48.448,93.70400000000001,39.824,202,28.891,1.787,15.916999999999998
2024-01-06 00:00:00+00:00,CELL_001,SITE_01,SITE_01_SEC_1,5G NSA,n78,69.025,40.798,68.01400000000001,45.592,203,27.359,1.71,15.906000000000002
2024-01-06 01:00:00+00:00,CELL_001,SITE_01,SITE_01_SEC_1,5G NSA,n78,68.604,40.47,84.019,41.955,206,27.207,1.8,15.401
2024-01-06 02:00:00+00:00,CELL_001,SITE_01,SITE_01_SEC_1,5G NSA,n78,38.997,25.953,115.108,66.492,164,19.122,0.0,21.449
2024-01-06 03:00:00+00:00,CELL_001,SITE_01,SITE_01_SEC_1,5G NSA,n78,34.608,22.781,129.417,72.711,144,19.312,0.0,22.415
2024-01-06 04:00:00+00:00,CELL_001,SITE_01,SITE_01_SEC_1,5G NSA,n78,34.162,22.591,134.851,69.192,159,18.454,0.0,20.611
2024-01-06 05:00:00+00:00,CELL_001,SITE_01,SITE_01_SEC_1,5G NSA,n78,29.328,20.719,143.129,73.667,138,16.243,0.0,21.995
2024-01-06 06:00:00+00:00,CELL_001,SITE_01,SITE_01_SEC_1,5G NSA,n78,23.643,20.428,134.841,65.368,119,14.558,0.0,21.862
2024-01-06 07:00:00+00:00,CELL_001,SITE_01,SITE_01_SEC_1,5G NSA,n78,24.047,17.388,150.065,75.53,133,16.587,0.0,21.748
2024-01-06 08:00:00+00:00,CELL_001,SITE_01,SITE_01_SEC_1,5G NSA,n78,17.336,10.893,164.96,85.59,114,15.017,0.0,23.05
2024-01-06 09:00:00+00:00,CELL_001,SITE_01,SITE_01_SEC_1,5G NSA,n78,22.321,13.833,145.405,80.887,139,16.384,0.0,23.091
2024-01-06 10:00:00+00:00,CELL_001,SITE_01,SITE_01_SEC_1,5G NSA,n78,27.254,17.305,136.334,70.872,123,17.012,0.0,22.213
2024-01-06 11:00:00+00:00,CELL_001,SITE_01,SITE_01_SEC_1,5G NSA,n78,23.846,13.969,167.368,69.843,129,17.582,0.0,22.462
2024-01-06 12:00:00+00:00,CELL_001,SITE_01,SITE_01_SEC_1,5G NSA,n78,31.355,21.219,149.303,67.559,140,18.376,0.0,21.437
2024-01-06 13:00:00+00:00,CELL_001,SITE_01,SITE_01_SEC_1,5G NSA,n78,32.014,21.669,136.162,68.43,165,15.785,0.0,20.005
2024-01-06 14:00:00+00:00,CELL_001,SITE_01,SITE_01_SEC_1,5G NSA,n78,37.254,24.005,152.181,64.263,174,19.683,0.0,20.884
2024-01-06 15:00:00+00:00,CELL_001,SITE_01,SITE_01_SEC_1,5G NSA,n78,46.281,28.942,114.254,55.515,174,17.553,0.0,20.048
2024-01-06 16:00:00+00:00,CELL_001,SITE_01,SITE_01_SEC_1,5G NSA,n78,48.094,29.852,116.517,58.36,188,21.167,0.0,20.598
2024-01-06 17:00:00+00:00,CELL_001,SITE_01,SITE_01_SEC_1,5G NSA,n78,57.296,40.491,107.564,54.525,211,21.791,0.0,20.047
2024-01-06 18:00:00+00:00,CELL_001,SITE_01,SITE_01_SEC_1,5G NSA,n78,54.108,30.368,113.676,68.587,207,20.331,0.0,19.455
2024-01-06 19:00:00+00:00,CELL_001,SITE_01,SITE_01_SEC_1,5G NSA,n78,61.351,38.353,94.286,55.324,219,20.63,0.408,19.095
2024-01-06 20:00:00+00:00,CELL_001,SITE_01,SITE_01_SEC_1,5G NSA,n78,60.558,36.602,96.086,64.084,198,21.571,0.229,17.268
2024-01-06 21:00:00+00:00,CELL_001,SITE_01,SITE_01_SEC_1,5G NSA,n78,60.68,36.569,109.136,54.435,191,23.255,0.296,19.179
2024-01-06 22:00:00+00:00,CELL_001,SITE_01,SITE_01_SEC_1,5G NSA,n78,62.426,38.719,77.168,43.209,230,21.336,0.374,19.627
2024-01-06 23:00:00+00:00,CELL_001,SITE_01,SITE_01_SEC_1,5G NSA,n78,62.281,37.077,104.162,55.697,219,23.12,0.419,18.512
2024-01-07 00:00:00+00:00,CELL_001,SITE_01,SITE_01_SEC_1,5G NSA,n78,60.108,37.71,110.638,41.922,200,19.916,0.018,18.864
2024-01-07 01:00:00+00:00,CELL_001,SITE_01,SITE_01_SEC_1,5G NSA,n78,53.601,27.203,100.752,76.444,172,22.738,0.0,19.385
2024-01-07 02:00:00+00:00,CELL_001,SITE_01,SITE_01_SEC_1,5G NSA,n78,46.731,21.341,108.93,69.302,171,17.557,0.0,20.395
2024-01-07 03:00:00+00:00,CELL_001,SITE_01,SITE_01_SEC_1,5G NSA,n78,46.86,30.723,123.576,56.812,153,20.257,0.0,19.012
2024-01-07 04:00:00+00:00,CELL_001,SITE_01,SITE_01_SEC_1,5G NSA,n78,40.483,26.561,124.22,72.426,170,19.686,0.0,21.436
2024-01-07 05:00:00+00:00,CELL_001,SITE_01,SITE_01_SEC_1,5G NSA,n78,43.304,34.69,114.128,64.469,148,17.659,0.0,20.098
2024-01-07 06:00:00+00:00,CELL_001,SITE_01,SITE_01_SEC_1,5G NSA,n78,35.52,21.613,126.655,65.906,141,16.628,0.0,21.426
2024-01-07 07:00:00+00:00,CELL_001,SITE_01,SITE_01_SEC_1,5G NSA,n78,34.601,19.496,127.581,58.22,146,15.882,0.0,19.207
2024-01-07 08:00:00+00:00,CELL_001,SITE_01,SITE_01_SEC_1,5G NSA,n78,27.135,22.123,153.693,71.038,133,17.281,0.0,22.301
2024-01-07 09:00:00+00:00,CELL_001,SITE_01,SITE_01_SEC_1,5G NSA,n78,32.886,18.083,140.133,70.074,154,15.914,0.0,21.447
2024-01-07 10:00:00+00:00,CELL_001,SITE_01,SITE_01_SEC_1,5G NSA,n78,32.877,17.214,140.181,76.738,146,19.123,0.0,20.469
2024-01-07 11:00:00+00:00,CELL_001,SITE_01,SITE_01_SEC_1,5G NSA,n78,39.293,22.238,127.499,66.813,174,16.118,0.0,19.453
2024-01-07 12:00:00+00:00,CELL_001,SITE_01,SITE_01_SEC_1,5G NSA,n78,40.496,31.175,127.746,56.757,149,17.725,0.0,20.726
2024-01-07 13:00:00+00:00,CELL_001,SITE_01,SITE_01_SEC_1,5G NSA,n78,46.957,27.184,117.387,68.154,188,18.977,0.0,20.139
2024-01-07 14:00:00+00:00,CELL_001,SITE_01,SITE_01_SEC_1,5G NSA,n78,43.897,29.865,125.487,69.313,177,20.763,0.0,20.824
2024-01-07 15:00:00+00:00,CELL_001,SITE_01,SITE_01_SEC_1,5G NSA,n78,49.422,30.735,126.241,62.62,169,19.646,0.0,18.093
2024-01-07 16:00:00+00:00,CELL_001,SITE_01,SITE_01_SEC_1,5G NSA,n78,50.036,34.206,114.455,50.873,180,19.978,0.153,20.739
2024-01-07 17:00:00+00:00,CELL_001,SITE_01,SITE_01_SEC_1,5G NSA,n78,60.959,36.038,80.672,57.052,195,22.768,0.0,18.528
2024-01-07 18:00:00+00:00,CELL_001,SITE_01,SITE_01_SEC_1,5G NSA,n78,60.648,33.74,81.45,61.018,202,22.608,0.232,16.916
2024-01-07 19:00:00+00:00,CELL_001,SITE_01,SITE_01_SEC_1,5G NSA,n78,63.862,44.526,91.005,41.8,166,23.183,0.308,19.255
2024-01-07 20:00:00+00:00,CELL_001,SITE_01,SITE_01_SEC_1,5G NSA,n78,70.164,50.847,88.286,34.27,217,24.655,0.606,17.882
2024-01-07 21:00:00+00:00,CELL_001,SITE_01,SITE_01_SEC_1,5G NSA,n78,68.802,36.406,94.857,56.879,221,21.102,0.665,19.164
2024-01-07 22:00:00+00:00,CELL_001,SITE_01,SITE_01_SEC_1,5G NSA,n78,62.403,34.391,97.917,59.389,217,24.216,0.464,19.6
2024-01-07 23:00:00+00:00,CELL_001,SITE_01,SITE_01_SEC_1,5G NSA,n78,74.169,45.13,83.294,49.322,216,23.235,0.752,20.145
2024-01-01 00:00:00+00:00,CELL_002,SITE_01,SITE_01_SEC_2,5G NSA,n78,54.649,33.446,110.721,51.767,185,21.167,0.365,20.048
2024-01-01 01:00:00+00:00,CELL_002,SITE_01,SITE_01_SEC_2,5G NSA,n78,55.615,32.453,102.888,57.281,185,21.998,0.0,20.327
2024-01-01 02:00:00+00:00,CELL_002,SITE_01,SITE_01_SEC_2,5G NSA,n78,59.98,38.696,109.656,59.467,183,22.748,0.0,19.948
2024-01-01 03:00:00+00:00,CELL_002,SITE_01,SITE_01_SEC_2,5G NSA,n78,65.965,34.477,93.863,60.027,211,22.767,0.607,20.049
2024-01-01 04:00:00+00:00,CELL_002,SITE_01,SITE_01_SEC_2,5G NSA,n78,71.088,32.606,82.714,50.264,217,23.487,1.054,17.335
2024-01-01 05:00:00+00:00,CELL_002,SITE_01,SITE_01_SEC_2,5G NSA,n78,69.944,39.702,97.394,49.57,209,23.746,0.373,20.081
2024-01-01 06:00:00+00:00,CELL_002,SITE_01,SITE_01_SEC_2,5G NSA,n78,71.05,43.321,72.804,54.758,230,22.979,0.762,17.873
2024-01-01 07:00:00+00:00,CELL_002,SITE_01,SITE_01_SEC_2,5G NSA,n78,66.588,44.063,95.321,48.096,217,23.27,0.496,20.68
2024-01-01 08:00:00+00:00,CELL_002,SITE_01,SITE_01_SEC_2,5G NSA,n78,61.574,43.22,90.058,60.088,223,23.046,0.523,19.099
2024-01-01 09:00:00+00:00,CELL_002,SITE_01,SITE_01_SEC_2,5G NSA,n78,62.595,37.971,106.707,54.834,211,20.921,0.545,19.821
2024-01-01 10:00:00+00:00,CELL_002,SITE_01,SITE_01_SEC_2,5G NSA,n78,61.423,41.065,89.646,46.648,198,19.865,0.369,19.011
2024-01-01 11:00:00+00:00,CELL_002,SITE_01,SITE_01_SEC_2,5G NSA,n78,53.874,21.58,116.237,66.176,169,21.053,0.0,20.985
2024-01-01 12:00:00+00:00,CELL_002,SITE_01,SITE_01_SEC_2,5G NSA,n78,50.327,32.363,124.191,57.723,215,19.34,0.0,20.433
2024-01-01 13:00:00+00:00,CELL_002,SITE_01,SITE_01_SEC_2,5G NSA,n78,46.157,27.037,116.774,75.813,194,19.494,0.0,20.629
2024-01-01 14:00:00+00:00,CELL_002,SITE_01,SITE_01_SEC_2,5G NSA,n78,45.535,25.333,122.205,70.876,158,19.334,0.0,19.133
2024-01-01 15:00:00+00:00,CELL_002,SITE_01,SITE_01_SEC_2,5G NSA,n78,35.275,14.8,141.379,75.873,152,14.932,0.0,21.031
2024-01-01 16:00:00+00:00,CELL_002,SITE_01,SITE_01_SEC_2,5G NSA,n78,43.718,21.277,134.627,72.037,161,19.671,0.0,20.799
2024-01-01 17:00:00+00:00,CELL_002,SITE_01,SITE_01_SEC_2,5G NSA,n78,38.761,20.794,116.688,71.887,170,18.416,0.0,20.879
2024-01-01 18:00:00+00:00,CELL_002,SITE_01,SITE_01_SEC_2,5G NSA,n78,34.768,17.269,124.232,75.208,144,16.183,0.0,20.155
2024-01-01 19:00:00+00:00,CELL_002,SITE_01,SITE_01_SEC_2,5G NSA,n78,36.352,20.04,133.567,69.903,172,18.415,0.0,21.053
2024-01-01 20:00:00+00:00,CELL_002,SITE_01,SITE_01_SEC_2,5G NSA,n78,46.587,29.413,121.493,66.535,174,17.057,0.0,20.462
2024-01-01 21:00:00+00:00,CELL_002,SITE_01,SITE_01_SEC_2,5G NSA,n78,41.961,31.264,107.876,53.959,159,15.414,0.0,20.474
2024-01-01 22:00:00+00:00,CELL_002,SITE_01,SITE_01_SEC_2,5G NSA,n78,47.086,33.509,115.071,47.493,192,20.274,0.0,20.512
2024-01-01 23:00:00+00:00,CELL_002,SITE_01,SITE_01_SEC_2,5G NSA,n78,56.022,30.075,96.694,65.175,222,18.939,0.0,20.883
2024-01-02 00:00:00+00:00,CELL_002,SITE_01,SITE_01_SEC_2,5G NSA,n78,57.17,38.805,101.981,59.954,197,20.863,0.0,18.703
2024-01-02 01:00:00+00:00,CELL_002,SITE_01,SITE_01_SEC_2,5G NSA,n78,64.317,41.458,87.378,47.706,185,21.852,0.191,18.289
2024-01-02 02:00:00+00:00,CELL_002,SITE_01,SITE_01_SEC_2,5G NSA,n78,64.713,43.208,91.471,46.992,221,22.522,0.322,17.791
2024-01-02 03:00:00+00:00,CELL_002,SITE_01,SITE_01_SEC_2,5G NSA,n78,67.562,39.349,90.088,56.267,197,20.905,0.633,18.397
2024-01-02 04:00:00+00:00,CELL_002,SITE_01,SITE_01_SEC_2,5G NSA,n78,73.911,45.773,70.121,46.663,206,25.06,0.503,18.398
2024-01-02 05:00:00+00:00,CELL_002,SITE_01,SITE_01_SEC_2,5G NSA,n78,77.817,47.634,69.322,44.15,243,22.506,0.672,18.623
2024-01-02 06:00:00+00:00,CELL_002,SITE_01,SITE_01_SEC_2,5G NSA,n78,71.43,42.464,72.29,48.79,202,22.553,0.897,18.693
2024-01-02 07:00:00+00:00,CELL_002,SITE_01,SITE_01_SEC_2,5G NSA,n78,74.256,46.993,71.213,45.082,252,25.24,1.216,16.78
2024-01-02 08:00:00+00:00,CELL_002,SITE_01,SITE_01_SEC_2,5G NSA,n78,70.12,48.907,86.9,42.45,227,22.759,0.814,18.163
2024-01-02 09:00:00+00:00,CELL_002,SITE_01,SITE_01_SEC_2,5G NSA,n78,67.706,42.292,92.854,64.394,205,20.701,0.7,17.899
2024-01-02 10:00:00+00:00,CELL_002,SITE_01,SITE_01_SEC_2,5G NSA,n78,65.581,40.847,100.869,52.158,222,23.851,0.06,20.185
2024-01-02 11:00:00+00:00,CELL_002,SITE_01,SITE_01_SEC_2,5G NSA,n78,60.505,41.824,91.672,50.997,182,21.66,0.332,20.136
2024-01-02 12:00:00+00:00,CELL_002,SITE_01,SITE_01_SEC_2,5G NSA,n78,49.439,34.547,111.628,49.825,179,20.514,0.0,20.628
2024-01-02 13:00:00+00:00,CELL_002,SITE_01,SITE_01_SEC_2,5G NSA,n78,45.757,28.583,127.585,61.953,169,18.488,0.0,21.485
2024-01-02 14:00:00+00:00,CELL_002,SITE_01,SITE_01_SEC_2,5G NSA,n78,47.794,28.09,102.94,65.257,172,17.535,0.0,20.292
2024-01-02 15:00:00+00:00,CELL_002,SITE_01,SITE_01_SEC_2,5G NSA,n78,50.031,26.618,126.845,70.669,178,19.169,0.0,19.999
2024-01-02 16:00:00+00:00,CELL_002,SITE_01,SITE_01_SEC_2,5G NSA,n78,41.359,22.848,111.381,68.97,161,19.157,0.0,19.238
2024-01-02 17:00:00+00:00,CELL_002,SITE_01,SITE_01_SEC_2,5G NSA,n78,42.242,27.648,120.728,56.231,153,17.528,0.0,21.726
2024-01-02 18:00:00+00:00,CELL_002,SITE_01,SITE_01_SEC_2,5G NSA,n78,37.326,25.703,131.593,64.875,146,19.02,0.0,19.599
2024-01-02 19:00:00+00:00,CELL_002,SITE_01,SITE_01_SEC_2,5G NSA,n78,36.272,20.361,134.314,68.328,133,20.653,0.0,21.281
2024-01-02 20:00:00+00:00,CELL_002,SITE_01,SITE_01_SEC_2,5G NSA,n78,39.332,22.412,108.299,69.893,160,20.577,0.0,21.087
2024-01-02 21:00:00+00:00,CELL_002,SITE_01,SITE_01_SEC_2,5G NSA,n78,49.053,29.757,95.572,64.936,169,19.713,0.0,20.19
2024-01-02 22:00:00+00:00,CELL_002,SITE_01,SITE_01_SEC_2,5G NSA,n78,48.23,27.789,104.183,68.837,185,18.04,0.0,21.872
2024-01-02 23:00:00+00:00,CELL_002,SITE_01,SITE_01_SEC_2,5G NSA,n78,57.828,36.244,97.698,55.935,181,21.297,0.123,19.346
2024-01-03 00:00:00+00:00,CELL_002,SITE_01,SITE_01_SEC_2,5G NSA,n78,58.422,30.454,108.447,54.227,189,21.12,0.007,19.426
2024-01-03 01:00:00+00:00,CELL_002,SITE_01,SITE_01_SEC_2,5G NSA,n78,62.353,44.568,85.33,51.016,212,21.047,0.252,19.294
2024-01-03 02:00:00+00:00,CELL_002,SITE_01,SITE_01_SEC_2,5G NSA,n78,66.021,44.505,85.92,44.439,200,21.885,0.771,19.284
2024-01-03 03:00:00+00:00,CELL_002,SITE_01,SITE_01_SEC_2,5G NSA,n78,75.851,56.098,78.165,30.826,216,23.203,0.917,16.981
2024-01-03 04:00:00+00:00,CELL_002,SITE_01,SITE_01_SEC_2,5G NSA,n78,69.809,42.705,92.495,44.842,201,26.541,0.65,18.48
2024-01-03 05:00:00+00:00,CELL_002,SITE_01,SITE_01_SEC_2,5G NSA,n78,70.181,50.337,87.631,35.446,237,23.482,0.535,19.702
2024-01-03 06:00:00+00:00,CELL_002,SITE_01,SITE_01_SEC_2,5G NSA,n78,76.372,47.732,69.031,48.093,196,25.675,1.29,16.457
2024-01-03 07:00:00+00:00,CELL_002,SITE_01,SITE_01_SEC_2,5G NSA,n78,73.499,49.632,80.713,44.219,202,23.399,0.555,17.827
2024-01-03 08:00:00+00:00,CELL_002,SITE_01,SITE_01_SEC_2,5G NSA,n78,69.118,42.261,83.146,49.653,209,23.59,0.645,18.102
2024-01-03 09:00:00+00:00,CELL_002,SITE_01,SITE_01_SEC_2,5G NSA,n78,66.898,33.793,89.684,58.095,220,23.857,0.204,16.872
2024-01-03 10:00:00+00:00,CELL_002,SITE_01,SITE_01_SEC_2,5G NSA,n78,63.203,39.157,90.979,56.122,208,23.232,0.507,18.709
2024-01-03 11:00:00+00:00,CELL_002,SITE_01,SITE_01_SEC_2,5G NSA,n78,51.336,34.905,115.853,52.442,200,21.022,0.0,21.296
2024-01-03 12:00:00+00:00,CELL_002,SITE_01,SITE_01_SEC_2,5G NSA,n78,50.135,30.178,112.777,55.744,191,20.519,0.0,20.068
2024-01-03 13:00:00+00:00,CELL_002,SITE_01,SITE_01_SEC_2,5G NSA,n78,48.673,29.143,107.085,59.378,199,19.801,0.0,18.758
2024-01-03 14:00:00+00:00,CELL_002,SITE_01,SITE_01_SEC_2,5G NSA,n78,39.792,16.52,117.335,72.383,160,19.16,0.0,21.025
2024-01-03 15:00:00+00:00,CELL_002,SITE_01,SITE_01_SEC_2,5G NSA,n78,39.268,27.035,121.453,63.474,165,19.535,0.0,19.601
2024-01-03 16:00:00+00:00,CELL_002,SITE_01,SITE_01_SEC_2,5G NSA,n78,39.539,20.176,134.815,72.282,180,18.515,0.0,21.448
2024-01-03 17:00:00+00:00,CELL_002,SITE_01,SITE_01_SEC_2,5G NSA,n78,34.99,22.636,128.269,65.415,163,16.165,0.0,19.555
2024-01-03 18:00:00+00:00,CELL_002,SITE_01,SITE_01_SEC_2,5G NSA,n78,38.031,30.815,115.649,64.35,177,19.792,0.0,21.049
2024-01-03 19:00:00+00:00,CELL_002,SITE_01,SITE_01_SEC_2,5G NSA,n78,30.768,20.143,140.06,63.058,125,17.574,0.0,20.834
2024-01-03 20:00:00+00:00,CELL_002,SITE_01,SITE_01_SEC_2,5G NSA,n78,35.46,13.361,127.477,69.552,146,18.217,0.0,20.195
2024-01-03 21:00:00+00:00,CELL_002,SITE_01,SITE_01_SEC_2,5G NSA,n78,40.256,29.244,124.614,65.314,169,17.048,0.0,20.912
2024-01-03 22:00:00+00:00,CELL_002,SITE_01,SITE_01_SEC_2,5G NSA,n78,44.305,29.211,124.267,65.009,156,15.588,0.0,17.713
2024-01-03 23:00:00+00:00,CELL_002,SITE_01,SITE_01_SEC_2,5G NSA,n78,48.129,33.942,103.296,52.287,171,20.933,0.0,21.166
2024-01-04 00:00:00+00:00,CELL_002,SITE_01,SITE_01_SEC_2,5G NSA,n78,54.236,28.857,98.644,66.917,179,21.557,0.0,19.298
2024-01-04 01:00:00+00:00,CELL_002,SITE_01,SITE_01_SEC_2,5G NSA,n78,56.076,39.941,117.131,51.889,171,19.578,0.0,18.792
2024-01-04 02:00:00+00:00,CELL_002,SITE_01,SITE_01_SEC_2,5G NSA,n78,58.637,36.735,83.397,53.204,178,19.219,0.031,18.491
2024-01-04 03:00:00+00:00,CELL_002,SITE_01,SITE_01_SEC_2,5G NSA,n78,62.897,47.0,97.052,36.468,206,21.279,0.438,18.046
2024-01-04 04:00:00+00:00,CELL_002,SITE_01,SITE_01_SEC_2,5G NSA,n78,70.311,38.782,80.392,53.979,216,22.481,0.711,18.163
2024-01-04 05:00:00+00:00,CELL_002,SITE_01,SITE_01_SEC_2,5G NSA,n78,66.326,43.062,89.751,46.939,216,23.568,0.519,18.418
2024-01-04 06:00:00+00:00,CELL_002,SITE_01,SITE_01_SEC_2,5G NSA,n78,68.567,49.298,93.593,33.701,197,23.231,0.993,18.954
2024-01-04 07:00:00+00:00,CELL_002,SITE_01,SITE_01_SEC_2,5G NSA,n78,67.271,39.466,87.168,48.577,215,22.415,0.653,17.928
2024-01-04 08:00:00+00:00,CELL_002,SITE_01,SITE_01_SEC_2,5G NSA,n78,61.709,32.819,101.055,59.98,209,23.032,0.353,19.416
2024-01-04 09:00:00+00:00,CELL_002,SITE_01,SITE_01_SEC_2,5G NSA,n78,61.432,37.721,114.78,51.905,194,21.03,0.408,19.312
2024-01-04 10:00:00+00:00,CELL_002,SITE_01,SITE_01_SEC_2,5G NSA,n78,51.947,36.698,100.984,61.081,182,21.062,0.0,21.444
2024-01-04 11:00:00+00:00,CELL_002,SITE_01,SITE_01_SEC_2,5G NSA,n78,53.304,33.008,109.313,58.502,210,19.736,0.032,20.165
2024-01-04 12:00:00+00:00,CELL_002,SITE_01,SITE_01_SEC_2,5G NSA,n78,46.374,25.592,116.836,59.02,174,17.654,0.0,17.948
2024-01-04 13:00:00+00:00,CELL_002,SITE_01,SITE_01_SEC_2,5G NSA,n78,42.105,24.193,119.211,70.315,183,18.26,0.0,21.295
2024-01-04 14:00:00+00:00,CELL_002,SITE_01,SITE_01_SEC_2,5G NSA,n78,35.725,26.136,134.128,69.784,136,18.508,0.0,20.455
2024-01-04 15:00:00+00:00,CELL_002,SITE_01,SITE_01_SEC_2,5G NSA,n78,29.344,14.216,144.369,77.006,148,15.347,0.0,20.55
2024-01-04 16:00:00+00:00,CELL_002,SITE_01,SITE_01_SEC_2,5G NSA,n78,34.299,32.695,138.361,56.475,154,15.316,0.0,20.272
2024-01-04 17:00:00+00:00,CELL_002,SITE_01,SITE_01_SEC_2,5G NSA,n78,24.956,22.362,149.347,67.211,134,15.785,0.0,21.974
2024-01-04 18:00:00+00:00,CELL_002,SITE_01,SITE_01_SEC_2,5G NSA,n78,30.582,18.177,127.46,62.844,136,16.579,0.0,20.396
2024-01-04 19:00:00+00:00,CELL_002,SITE_01,SITE_01_SEC_2,5G NSA,n78,29.799,18.69,132.45,74.28,107,17.232,0.0,21.759
2024-01-04 20:00:00+00:00,CELL_002,SITE_01,SITE_01_SEC_2,5G NSA,n78,35.021,24.821,128.978,63.273,148,18.165,0.0,21.765
2024-01-04 21:00:00+00:00,CELL_002,SITE_01,SITE_01_SEC_2,5G NSA,n78,35.381,25.211,138.513,70.403,152,16.696,0.0,22.559
2024-01-04 22:00:00+00:00,CELL_002,SITE_01,SITE_01_SEC_2,5G NSA,n78,39.542,17.658,132.793,71.826,148,17.712,0.0,19.894
2024-01-04 23:00:00+00:00,CELL_002,SITE_01,SITE_01_SEC_2,5G NSA,n78,40.643,26.044,129.102,69.814,167,18.741,0.0,20.515
2024-01-05 00:00:00+00:00,CELL_002,SITE_01,SITE_01_SEC_2,5G NSA,n78,47.661,29.98,121.838,64.295,178,19.679,0.0,20.248
2024-01-05 01:00:00+00:00,CELL_002,SITE_01,SITE_01_SEC_2,5G NSA,n78,51.675,32.811,106.049,60.941,216,21.55,0.0,21.97
2024-01-05 02:00:00+00:00,CELL_002,SITE_01,SITE_01_SEC_2,5G NSA,n78,54.451,35.056,103.679,57.941,176,21.728,0.036,20.777
2024-01-05 03:00:00+00:00,CELL_002,SITE_01,SITE_01_SEC_2,5G NSA,n78,58.39,34.873,104.327,53.273,237,20.509,0.0,20.172
2024-01-05 04:00:00+00:00,CELL_002,SITE_01,SITE_01_SEC_2,5G NSA,n78,59.708,37.529,105.246,50.114,198,20.263,0.28,19.764
2024-01-05 05:00:00+00:00,CELL_002,SITE_01,SITE_01_SEC_2,5G NSA,n78,62.801,35.699,89.268,53.479,215,20.915,0.65,19.546
2024-01-05 06:00:00+00:00,CELL_002,SITE_01,SITE_01_SEC_2,5G NSA,n78,63.412,44.304,80.721,44.219,249,21.406,0.25,17.957
2024-01-05 07:00:00+00:00,CELL_002,SITE_01,SITE_01_SEC_2,5G NSA,n78,59.282,31.888,100.383,62.111,203,22.094,0.335,18.921
2024-01-05 08:00:00+00:00,CELL_002,SITE_01,SITE_01_SEC_2,5G NSA,n78,64.001,40.618,85.58,42.71,180,22.261,0.426,18.458
2024-01-05 09:00:00+00:00,CELL_002,SITE_01,SITE_01_SEC_2,5G NSA,n78,60.159,39.495,91.337,47.484,211,21.67,0.293,17.517
2024-01-05 10:00:00+00:00,CELL_002,SITE_01,SITE_01_SEC_2,5G NSA,n78,49.332,30.642,106.895,58.192,175,19.681,0.0,20.598
2024-01-05 11:00:00+00:00,CELL_002,SITE_01,SITE_01_SEC_2,5G NSA,n78,48.397,28.828,118.166,65.667,169,19.222,0.0,21.01
2024-01-05 12:00:00+00:00,CELL_002,SITE_01,SITE_01_SEC_2,5G NSA,n78,44.154,34.489,120.503,57.292,155,18.947,0.0,19.131
2024-01-05 13:00:00+00:00,CELL_002,SITE_01,SITE_01_SEC_2,5G NSA,n78,35.847,19.152,125.254,66.308,152,18.017,0.0,21.654
2024-01-05 14:00:00+00:00,CELL_002,SITE_01,SITE_01_SEC_2,5G NSA,n78,37.89,24.601,120.227,60.194,163,19.962,0.0,20.029
2024-01-05 15:00:00+00:00,CELL_002,SITE_01,SITE_01_SEC_2,5G NSA,n78,27.732,16.833,140.122,80.155,121,15.47,0.0,22.63
2024-01-05 16:00:00+00:00,CELL_002,SITE_01,SITE_01_SEC_2,5G NSA,n78,26.823,14.148,137.832,76.286,109,17.69,0.0,21.778
2024-01-05 17:00:00+00:00,CELL_002,SITE_01,SITE_01_SEC_2,5G NSA,n78,26.009,6.601,135.428,85.389,147,16.457,0.0,22.415
2024-01-05 18:00:00+00:00,CELL_002,SITE_01,SITE_01_SEC_2,5G NSA,n78,16.715,7.224,155.874,85.525,115,15.622,0.0,22.47
2024-01-05 19:00:00+00:00,CELL_002,SITE_01,SITE_01_SEC_2,5G NSA,n78,19.399,10.206,145.088,83.461,125,16.194,0.0,19.691
2024-01-05 20:00:00+00:00,CELL_002,SITE_01,SITE_01_SEC_2,5G NSA,n78,23.34,22.016,132.617,75.261,118,15.75,0.0,22.382
2024-01-05 21:00:00+00:00,CELL_002,SITE_01,SITE_01_SEC_2,5G NSA,n78,31.774,21.152,155.325,74.761,154,15.187,0.0,22.485
2024-01-05 22:00:00+00:00,CELL_002,SITE_01,SITE_01_SEC_2,5G NSA,n78,37.991,21.848,136.134,82.107,173,17.179,0.0,20.685
2024-01-05 23:00:00+00:00,CELL_002,SITE_01,SITE_01_SEC_2,5G NSA,n78,37.382,19.617,126.057,73.211,113,17.389,0.0,21.022
2024-01-06 00:00:00+00:00,CELL_002,SITE_01,SITE_01_SEC_2,5G NSA,n78,47.371,30.416,118.283,67.949,187,19.646,0.0,20.54
2024-01-06 01:00:00+00:00,CELL_002,SITE_01,SITE_01_SEC_2,5G NSA,n78,47.134,30.843,114.206,62.796,207,21.051,0.0,20.24
2024-01-06 02:00:00+00:00,CELL_002,SITE_01,SITE_01_SEC_2,5G NSA,n78,44.896,29.902,131.15,62.44,136,20.383,0.0,19.011
2024-01-06 03:00:00+00:00,CELL_002,SITE_01,SITE_01_SEC_2,5G NSA,n78,56.144,34.675,104.882,70.896,184,21.985,0.267,20.268
2024-01-06 04:00:00+00:00,CELL_002,SITE_01,SITE_01_SEC_2,5G NSA,n78,62.157,37.777,94.579,58.17,173,20.781,0.323,18.405
2024-01-06 05:00:00+00:00,CELL_002,SITE_01,SITE_01_SEC_2,5G NSA,n78,63.461,42.344,99.3,49.587,216,22.391,0.186,16.955
2024-01-06 06:00:00+00:00,CELL_002,SITE_01,SITE_01_SEC_2,5G NSA,n78,59.438,38.147,112.33,61.61,217,20.312,0.151,19.677
2024-01-06 07:00:00+00:00,CELL_002,SITE_01,SITE_01_SEC_2,5G NSA,n78,65.409,46.474,88.595,41.433,227,23.412,0.3,18.553
2024-01-06 08:00:00+00:00,CELL_002,SITE_01,SITE_01_SEC_2,5G NSA,n78,55.172,40.578,86.004,53.973,185,19.989,0.017,19.508
2024-01-06 09:00:00+00:00,CELL_002,SITE_01,SITE_01_SEC_2,5G NSA,n78,51.432,35.049,106.43,60.123,159,19.492,0.0,20.487
2024-01-06 10:00:00+00:00,CELL_002,SITE_01,SITE_01_SEC_2,5G NSA,n78,51.621,31.825,115.96,51.467,153,20.63,0.0,18.826
2024-01-06 11:00:00+00:00,CELL_002,SITE_01,SITE_01_SEC_2,5G NSA,n78,42.46,25.592,127.388,63.457,155,19.97,0.0,19.975
2024-01-06 12:00:00+00:00,CELL_002,SITE_01,SITE_01_SEC_2,5G NSA,n78,36.569,16.083,127.795,62.86,157,17.208,0.0,22.493
2024-01-06 13:00:00+00:00,CELL_002,SITE_01,SITE_01_SEC_2,5G NSA,n78,29.605,12.59,150.887,74.315,155,15.978,0.0,19.537
2024-01-06 14:00:00+00:00,CELL_002,SITE_01,SITE_01_SEC_2,5G NSA,n78,25.152,14.471,142.559,76.757,153,17.385,0.0,21.469
2024-01-06 15:00:00+00:00,CELL_002,SITE_01,SITE_01_SEC_2,5G NSA,n78,27.461,24.314,151.149,61.81,112,16.517,0.0,20.941
2024-01-06 16:00:00+00:00,CELL_002,SITE_01,SITE_01_SEC_2,5G NSA,n78,22.318,14.943,148.833,76.155,139,16.256,0.0,22.88
2024-01-06 17:00:00+00:00,CELL_002,SITE_01,SITE_01_SEC_2,5G NSA,n78,26.623,26.921,140.395,68.27,127,17.243,0.0,21.507
2024-01-06 18:00:00+00:00,CELL_002,SITE_01,SITE_01_SEC_2,5G NSA,n78,25.911,12.754,145.737,82.863,125,15.42,0.0,20.202
2024-01-06 19:00:00+00:00,CELL_002,SITE_01,SITE_01_SEC_2,5G NSA,n78,21.859,8.3,140.979,78.601,121,14.569,0.0,23.442
2024-01-06 20:00:00+00:00,CELL_002,SITE_01,SITE_01_SEC_2,5G NSA,n78,30.117,18.737,135.876,73.838,133,17.52,0.0,21.623
2024-01-06 21:00:00+00:00,CELL_002,SITE_01,SITE_01_SEC_2,5G NSA,n78,25.516,16.667,143.312,83.249,142,15.025,0.0,21.926
2024-01-06 22:00:00+00:00,CELL_002,SITE_01,SITE_01_SEC_2,5G NSA,n78,35.55,21.584,138.791,76.384,152,17.685,0.0,20.524
2024-01-06 23:00:00+00:00,CELL_002,SITE_01,SITE_01_SEC_2,5G NSA,n78,42.871,23.532,139.81,67.034,182,16.228,0.0,21.679
2024-01-07 00:00:00+00:00,CELL_002,SITE_01,SITE_01_SEC_2,5G NSA,n78,47.128,30.215,120.253,67.384,189,20.644,0.0,20.553
2024-01-07 01:00:00+00:00,CELL_002,SITE_01,SITE_01_SEC_2,5G NSA,n78,52.933,31.59,122.194,61.071,176,21.435,0.0,19.237
2024-01-07 02:00:00+00:00,CELL_002,SITE_01,SITE_01_SEC_2,5G NSA,n78,54.542,39.56,92.676,51.342,197,22.865,0.0,18.016
2024-01-07 03:00:00+00:00,CELL_002,SITE_01,SITE_01_SEC_2,5G NSA,n78,63.745,42.251,90.973,55.273,206,21.549,0.667,19.388
2024-01-07 04:00:00+00:00,CELL_002,SITE_01,SITE_01_SEC_2,5G NSA,n78,61.394,38.646,105.484,48.959,200,19.877,0.443,19.657
2024-01-07 05:00:00+00:00,CELL_002,SITE_01,SITE_01_SEC_2,5G NSA,n78,63.57,41.044,100.48,50.78,202,21.587,0.366,20.733
2024-01-07 06:00:00+00:00,CELL_002,SITE_01,SITE_01_SEC_2,5G NSA,n78,57.185,37.454,101.934,52.251,169,18.648,0.187,19.083
2024-01-07 07:00:00+00:00,CELL_002,SITE_01,SITE_01_SEC_2,5G NSA,n78,55.143,37.547,117.478,56.125,211,20.878,0.273,21.103
2024-01-07 08:00:00+00:00,CELL_002,SITE_01,SITE_01_SEC_2,5G NSA,n78,62.762,35.146,98.787,47.563,208,22.605,0.843,19.555
2024-01-07 09:00:00+00:00,CELL_002,SITE_01,SITE_01_SEC_2,5G NSA,n78,60.733,38.386,101.061,49.454,200,20.561,0.54,20.377
2024-01-07 10:00:00+00:00,CELL_002,SITE_01,SITE_01_SEC_2,5G NSA,n78,49.544,34.59,115.833,59.441,177,21.12,0.0,21.306
2024-01-07 11:00:00+00:00,CELL_002,SITE_01,SITE_01_SEC_2,5G NSA,n78,49.183,32.99,130.873,61.009,165,20.725,0.0,19.325
2024-01-07 12:00:00+00:00,CELL_002,SITE_01,SITE_01_SEC_2,5G NSA,n78,47.544,30.625,124.122,58.187,146,21.301,0.0,20.381
2024-01-07 13:00:00+00:00,CELL_002,SITE_01,SITE_01_SEC_2,5G NSA,n78,43.103,23.134,120.239,72.159,151,17.299,0.0,21.293
2024-01-07 14:00:00+00:00,CELL_002,SITE_01,SITE_01_SEC_2,5G NSA,n78,33.962,19.487,128.72,71.449,120,18.55,0.0,22.775
2024-01-07 15:00:00+00:00,CELL_002,SITE_01,SITE_01_SEC_2,5G NSA,n78,30.668,16.282,140.29,71.772,164,16.721,0.0,22.866
2024-01-07 16:00:00+00:00,CELL_002,SITE_01,SITE_01_SEC_2,5G NSA,n78,28.195,17.311,134.047,73.276,137,16.518,0.0,22.831
2024-01-07 17:00:00+00:00,CELL_002,SITE_01,SITE_01_SEC_2,5G NSA,n78,28.715,16.948,136.553,76.843,147,16.489,0.0,20.842
2024-01-07 18:00:00+00:00,CELL_002,SITE_01,SITE_01_SEC_2,5G NSA,n78,34.32,20.653,129.559,71.836,173,20.362,0.0,19.546
2024-01-07 19:00:00+00:00,CELL_002,SITE_01,SITE_01_SEC_2,5G NSA,n78,35.333,18.599,127.613,73.672,150,16.513,0.0,21.578
2024-01-07 20:00:00+00:00,CELL_002,SITE_01,SITE_01_SEC_2,5G NSA,n78,31.079,16.469,126.613,72.242,136,17.115,0.0,21.269
2024-01-07 21:00:00+00:00,CELL_002,SITE_01,SITE_01_SEC_2,5G NSA,n78,37.652,20.721,140.658,67.993,165,18.607,0.0,21.317
2024-01-07 22:00:00+00:00,CELL_002,SITE_01,SITE_01_SEC_2,5G NSA,n78,46.768,31.031,120.495,66.685,146,19.217,0.0,19.637
2024-01-07 23:00:00+00:00,CELL_002,SITE_01,SITE_01_SEC_2,5G NSA,n78,42.447,26.882,120.778,70.896,138,16.5,0.0,19.675
2024-01-01 00:00:00+00:00,CELL_003,SITE_01,SITE_01_SEC_3,5G NSA,n78,69.528,46.925,87.303,47.388,226,22.09,0.898,17.437
2024-01-01 01:00:00+00:00,CELL_003,SITE_01,SITE_01_SEC_3,5G NSA,n78,63.321,44.004,93.107,50.198,209,18.698,0.477,18.832
2024-01-01 02:00:00+00:00,CELL_003,SITE_01,SITE_01_SEC_3,5G NSA,n78,56.004,37.549,95.273,53.622,190,21.042,0.073,19.665
2024-01-01 03:00:00+00:00,CELL_003,SITE_01,SITE_01_SEC_3,5G NSA,n78,54.791,29.626,116.352,53.182,192,20.982,0.0,19.283
2024-01-01 04:00:00+00:00,CELL_003,SITE_01,SITE_01_SEC_3,5G NSA,n78,44.958,27.196,109.191,58.316,197,17.631,0.0,19.987
2024-01-01 05:00:00+00:00,CELL_003,SITE_01,SITE_01_SEC_3,5G NSA,n78,44.353,25.888,118.242,77.698,154,20.767,0.0,21.035
2024-01-01 06:00:00+00:00,CELL_003,SITE_01,SITE_01_SEC_3,5G NSA,n78,39.671,17.49,135.725,78.614,174,17.783,0.0,21.501
2024-01-01 07:00:00+00:00,CELL_003,SITE_01,SITE_01_SEC_3,5G NSA,n78,42.208,24.594,123.931,72.031,140,17.316,0.0,20.922
2024-01-01 08:00:00+00:00,CELL_003,SITE_01,SITE_01_SEC_3,5G NSA,n78,43.36,30.371,108.529,58.48,156,20.004,0.0,19.907
2024-01-01 09:00:00+00:00,CELL_003,SITE_01,SITE_01_SEC_3,5G NSA,n78,36.922,29.902,136.314,66.431,166,18.6,0.0,20.899
2024-01-01 10:00:00+00:00,CELL_003,SITE_01,SITE_01_SEC_3,5G NSA,n78,43.492,37.504,117.575,56.698,175,17.746,0.0,19.926
2024-01-01 11:00:00+00:00,CELL_003,SITE_01,SITE_01_SEC_3,5G NSA,n78,49.612,35.024,113.779,56.782,184,19.87,0.0,19.626
2024-01-01 12:00:00+00:00,CELL_003,SITE_01,SITE_01_SEC_3,5G NSA,n78,56.596,34.655,99.465,62.579,181,21.866,0.192,19.241
2024-01-01 13:00:00+00:00,CELL_003,SITE_01,SITE_01_SEC_3,5G NSA,n78,58.359,33.608,108.974,62.444,192,20.159,0.0,19.429
2024-01-01 14:00:00+00:00,CELL_003,SITE_01,SITE_01_SEC_3,5G NSA,n78,66.421,33.519,79.324,54.986,217,22.19,0.487,18.206
2024-01-01 15:00:00+00:00,CELL_003,SITE_01,SITE_01_SEC_3,5G NSA,n78,65.67,38.574,97.584,57.119,189,23.519,0.225,19.015
2024-01-01 16:00:00+00:00,CELL_003,SITE_01,SITE_01_SEC_3,5G NSA,n78,71.578,40.253,82.44,60.97,223,25.762,0.496,20.518
2024-01-01 17:00:00+00:00,CELL_003,SITE_01,SITE_01_SEC_3,5G NSA,n78,69.927,47.277,77.633,47.553,234,23.059,0.857,18.613
2024-01-01 18:00:00+00:00,CELL_003,SITE_01,SITE_01_SEC_3,5G NSA,n78,78.385,48.9,82.949,46.447,234,25.42,1.036,16.789
2024-01-01 19:00:00+00:00,CELL_003,SITE_01,SITE_01_SEC_3,5G NSA,n78,74.062,43.435,87.824,47.961,239,25.567,1.227,18.294
2024-01-01 20:00:00+00:00,CELL_003,SITE_01,SITE_01_SEC_3,5G NSA,n78,73.04,51.586,82.405,39.295,225,22.619,0.608,18.726
2024-01-01 21:00:00+00:00,CELL_003,SITE_01,SITE_01_SEC_3,5G NSA,n78,71.675,56.676,73.18,38.708,207,25.303,0.847,18.781
2024-01-01 22:00:00+00:00,CELL_003,SITE_01,SITE_01_SEC_3,5G NSA,n78,65.881,38.136,75.9,54.355,195,19.85,0.28,18.246
2024-01-01 23:00:00+00:00,CELL_003,SITE_01,SITE_01_SEC_3,5G NSA,n78,65.34,42.096,98.942,53.77,215,23.823,0.517,19.046
2024-01-02 00:00:00+00:00,CELL_003,SITE_01,SITE_01_SEC_3,5G NSA,n78,65.056,40.902,89.514,47.056,204,22.915,0.484,18.199
2024-01-02 01:00:00+00:00,CELL_003,SITE_01,SITE_01_SEC_3,5G NSA,n78,56.771,30.356,103.989,56.848,208,22.054,0.0,18.193
2024-01-02 02:00:00+00:00,CELL_003,SITE_01,SITE_01_SEC_3,5G NSA,n78,56.915,33.139,103.494,64.231,187,21.13,0.0,19.936
2024-01-02 03:00:00+00:00,CELL_003,SITE_01,SITE_01_SEC_3,5G NSA,n78,47.67,37.107,97.765,56.535,175,21.961,0.0,21.834
2024-01-02 04:00:00+00:00,CELL_003,SITE_01,SITE_01_SEC_3,5G NSA,n78,41.826,29.581,125.329,55.533,152,17.919,0.0,21.463
2024-01-02 05:00:00+00:00,CELL_003,SITE_01,SITE_01_SEC_3,5G NSA,n78,43.809,28.269,118.365,59.414,147,20.053,0.0,21.446
2024-01-02 06:00:00+00:00,CELL_003,SITE_01,SITE_01_SEC_3,5G NSA,n78,36.645,11.762,141.902,76.82,126,16.962,0.0,22.207
2024-01-02 07:00:00+00:00,CELL_003,SITE_01,SITE_01_SEC_3,5G NSA,n78,37.625,22.154,131.024,76.954,153,18.527,0.0,22.042
2024-01-02 08:00:00+00:00,CELL_003,SITE_01,SITE_01_SEC_3,5G NSA,n78,33.896,24.035,114.111,56.526,143,16.202,0.0,21.391
2024-01-02 09:00:00+00:00,CELL_003,SITE_01,SITE_01_SEC_3,5G NSA,n78,39.019,31.995,127.105,61.127,139,17.359,0.0,19.439
2024-01-02 10:00:00+00:00,CELL_003,SITE_01,SITE_01_SEC_3,5G NSA,n78,44.873,25.094,119.162,71.301,200,19.116,0.0,19.885
2024-01-02 11:00:00+00:00,CELL_003,SITE_01,SITE_01_SEC_3,5G NSA,n78,44.129,28.632,119.426,59.749,156,21.82,0.0,21.86
2024-01-02 12:00:00+00:00,CELL_003,SITE_01,SITE_01_SEC_3,5G NSA,n78,47.033,30.197,112.929,62.365,154,21.428,0.0,21.483
2024-01-02 13:00:00+00:00,CELL_003,SITE_01,SITE_01_SEC_3,5G NSA,n78,53.83,39.884,126.451,49.683,186,19.693,0.0,21.792
2024-01-02 14:00:00+00:00,CELL_003,SITE_01,SITE_01_SEC_3,5G NSA,n78,58.783,35.109,106.144,66.477,216,19.548,0.136,18.881
2024-01-02 15:00:00+00:00,CELL_003,SITE_01,SITE_01_SEC_3,5G NSA,n78,54.63,38.112,112.166,65.592,185,20.317,0.0,19.736
2024-01-02 16:00:00+00:00,CELL_003,SITE_01,SITE_01_SEC_3,5G NSA,n78,67.241,39.423,97.682,54.441,205,20.305,0.367,19.972
2024-01-02 17:00:00+00:00,CELL_003,SITE_01,SITE_01_SEC_3,5G NSA,n78,68.443,39.386,87.708,56.262,214,21.321,0.504,18.77
2024-01-02 18:00:00+00:00,CELL_003,SITE_01,SITE_01_SEC_3,5G NSA,n78,68.903,45.007,89.838,52.701,199,23.609,0.723,18.401
2024-01-02 19:00:00+00:00,CELL_003,SITE_01,SITE_01_SEC_3,5G NSA,n78,67.518,41.573,87.899,46.056,233,22.212,0.666,18.262
2024-01-02 20:00:00+00:00,CELL_003,SITE_01,SITE_01_SEC_3,5G NSA,n78,71.077,46.159,95.434,51.128,235,22.251,0.623,18.246
2024-01-02 21:00:00+00:00,CELL_003,SITE_01,SITE_01_SEC_3,5G NSA,n78,66.653,36.772,86.222,51.708,206,22.286,0.818,18.847
2024-01-02 22:00:00+00:00,CELL_003,SITE_01,SITE_01_SEC_3,5G NSA,n78,72.684,45.746,81.91,47.824,221,24.152,1.3,17.424
2024-01-02 23:00:00+00:00,CELL_003,SITE_01,SITE_01_SEC_3,5G NSA,n78,64.151,40.605,99.562,57.764,184,21.236,0.456,17.315
2024-01-03 00:00:00+00:00,CELL_003,SITE_01,SITE_01_SEC_3,5G NSA,n78,53.378,37.286,99.07,55.725,179,19.914,0.0,20.395
2024-01-03 01:00:00+00:00,CELL_003,SITE_01,SITE_01_SEC_3,5G NSA,n78,48.805,26.638,121.868,70.885,179,19.011,0.0,19.39
2024-01-03 02:00:00+00:00,CELL_003,SITE_01,SITE_01_SEC_3,5G NSA,n78,52.774,28.185,103.504,73.291,205,21.153,0.0,19.308
2024-01-03 03:00:00+00:00,CELL_003,SITE_01,SITE_01_SEC_3,5G NSA,n78,44.831,32.006,119.835,63.386,168,19.331,0.0,19.682
2024-01-03 04:00:00+00:00,CELL_003,SITE_01,SITE_01_SEC_3,5G NSA,n78,38.882,28.969,133.746,63.916,182,19.12,0.0,20.752
2024-01-03 05:00:00+00:00,CELL_003,SITE_01,SITE_01_SEC_3,5G NSA,n78,32.164,14.946,138.063,79.239,149,17.802,0.0,21.928
2024-01-03 06:00:00+00:00,CELL_003,SITE_01,SITE_01_SEC_3,5G NSA,n78,31.959,21.466,139.813,72.949,133,16.31,0.0,20.882
2024-01-03 07:00:00+00:00,CELL_003,SITE_01,SITE_01_SEC_3,5G NSA,n78,29.105,13.546,149.233,79.819,157,19.024,0.0,24.4
2024-01-03 08:00:00+00:00,CELL_003,SITE_01,SITE_01_SEC_3,5G NSA,n78,29.823,19.511,142.718,75.643,133,16.635,0.0,21.829
2024-01-03 09:00:00+00:00,CELL_003,SITE_01,SITE_01_SEC_3,5G NSA,n78,32.353,16.423,135.251,71.357,150,16.245,0.0,21.175
2024-01-03 10:00:00+00:00,CELL_003,SITE_01,SITE_01_SEC_3,5G NSA,n78,29.334,15.394,144.772,78.149,137,17.505,0.0,21.96
2024-01-03 11:00:00+00:00,CELL_003,SITE_01,SITE_01_SEC_3,5G NSA,n78,34.201,18.726,124.322,77.531,134,18.298,0.0,21.299
2024-01-03 12:00:00+00:00,CELL_003,SITE_01,SITE_01_SEC_3,5G NSA,n78,43.013,19.623,123.349,74.494,178,19.338,0.0,19.211
2024-01-03 13:00:00+00:00,CELL_003,SITE_01,SITE_01_SEC_3,5G NSA,n78,42.85,28.827,111.209,57.709,176,17.988,0.0,19.346
2024-01-03 14:00:00+00:00,CELL_003,SITE_01,SITE_01_SEC_3,5G NSA,n78,45.162,24.713,109.587,65.944,171,20.496,0.0,20.201
2024-01-03 15:00:00+00:00,CELL_003,SITE_01,SITE_01_SEC_3,5G NSA,n78,56.763,33.52,112.678,56.625,184,22.407,0.174,19.15
2024-01-03 16:00:00+00:00,CELL_003,SITE_01,SITE_01_SEC_3,5G NSA,n78,58.9,37.8,96.098,54.296,213,21.35,0.336,18.365
2024-01-03 17:00:00+00:00,CELL_003,SITE_01,SITE_01_SEC_3,5G NSA,n78,63.523,41.249,103.91,61.984,187,23.366,0.712,18.995
2024-01-03 18:00:00+00:00,CELL_003,SITE_01,SITE_01_SEC_3,5G NSA,n78,57.516,28.283,97.618,58.558,198,21.127,0.249,18.091
2024-01-03 19:00:00+00:00,CELL_003,SITE_01,SITE_01_SEC_3,5G NSA,n78,62.046,44.508,103.196,45.294,187,22.582,0.572,19.703
2024-01-03 20:00:00+00:00,CELL_003,SITE_01,SITE_01_SEC_3,5G NSA,n78,65.8,36.19,84.348,56.917,228,22.838,0.637,19.039
2024-01-03 21:00:00+00:00,CELL_003,SITE_01,SITE_01_SEC_3,5G NSA,n78,59.017,31.191,101.813,66.115,211,21.389,0.0,20.148
2024-01-03 22:00:00+00:00,CELL_003,SITE_01,SITE_01_SEC_3,5G NSA,n78,57.799,37.204,115.125,50.274,185,20.843,0.161,18.393
2024-01-03 23:00:00+00:00,CELL_003,SITE_01,SITE_01_SEC_3,5G NSA,n78,56.316,41.364,107.135,36.957,185,20.964,0.003,18.758
2024-01-04 00:00:00+00:00,CELL_003,SITE_01,SITE_01_SEC_3,5G NSA,n78,54.266,32.34,103.723,49.693,185,19.324,0.156,17.76
2024-01-04 01:00:00+00:00,CELL_003,SITE_01,SITE_01_SEC_3,5G NSA,n78,43.986,25.672,126.768,62.826,194,20.603,0.0,21.389
2024-01-04 02:00:00+00:00,CELL_003,SITE_01,SITE_01_SEC_3,5G NSA,n78,37.347,27.448,121.354,62.839,148,18.308,0.0,21.511
2024-01-04 03:00:00+00:00,CELL_003,SITE_01,SITE_01_SEC_3,5G NSA,n78,35.01,24.188,132.249,64.815,156,17.783,0.0,23.055
2024-01-04 04:00:00+00:00,CELL_003,SITE_01,SITE_01_SEC_3,5G NSA,n78,35.417,25.862,136.315,67.854,197,18.511,0.0,20.767
2024-01-04 05:00:00+00:00,CELL_003,SITE_01,SITE_01_SEC_3,5G NSA,n78,27.698,19.763,143.714,76.663,132,17.467,0.0,21.181
2024-01-04 06:00:00+00:00,CELL_003,SITE_01,SITE_01_SEC_3,5G NSA,n78,30.239,21.844,136.672,70.076,116,17.773,0.0,21.836
2024-01-04 07:00:00+00:00,CELL_003,SITE_01,SITE_01_SEC_3,5G NSA,n78,27.36,17.22,140.974,73.736,124,16.336,0.0,21.453
2024-01-04 08:00:00+00:00,CELL_003,SITE_01,SITE_01_SEC_3,5G NSA,n78,25.774,14.854,149.109,70.494,127,14.17,0.0,22.626
2024-01-04 09:00:00+00:00,CELL_003,SITE_01,SITE_01_SEC_3,5G NSA,n78,31.892,22.901,135.087,69.527,121,17.316,0.0,20.623
2024-01-04 10:00:00+00:00,CELL_003,SITE_01,SITE_01_SEC_3,5G NSA,n78,29.381,19.897,133.89,69.372,151,13.456,0.0,21.178
2024-01-04 11:00:00+00:00,CELL_003,SITE_01,SITE_01_SEC_3,5G NSA,n78,29.452,18.922,122.167,73.101,138,15.598,0.0,20.49
2024-01-04 12:00:00+00:00,CELL_003,SITE_01,SITE_01_SEC_3,5G NSA,n78,36.66,21.597,131.506,68.207,157,16.022,0.0,20.542
2024-01-04 13:00:00+00:00,CELL_003,SITE_01,SITE_01_SEC_3,5G NSA,n78,41.061,23.025,122.334,63.302,171,18.236,0.0,21.008
2024-01-04 14:00:00+00:00,CELL_003,SITE_01,SITE_01_SEC_3,5G NSA,n78,51.38,29.18,114.046,62.162,181,19.62,0.0,19.43
2024-01-04 15:00:00+00:00,CELL_003,SITE_01,SITE_01_SEC_3,5G NSA,n78,47.007,22.238,108.164,71.793,162,20.242,0.0,20.005
2024-01-04 16:00:00+00:00,CELL_003,SITE_01,SITE_01_SEC_3,5G NSA,n78,48.653,28.188,120.918,59.657,183,21.047,0.0,18.985
2024-01-04 17:00:00+00:00,CELL_003,SITE_01,SITE_01_SEC_3,5G NSA,n78,59.6,43.636,99.218,37.57,206,19.109,0.256,18.91
2024-01-04 18:00:00+00:00,CELL_003,SITE_01,SITE_01_SEC_3,5G NSA,n78,56.418,35.241,111.391,57.204,194,22.501,0.072,19.383
2024-01-04 19:00:00+00:00,CELL_003,SITE_01,SITE_01_SEC_3,5G NSA,n78,64.061,35.804,96.52,57.891,250,22.88,0.828,19.588
2024-01-04 20:00:00+00:00,CELL_003,SITE_01,SITE_01_SEC_3,5G NSA,n78,55.976,40.319,105.289,45.3,186,21.588,0.0,19.612
2024-01-04 21:00:00+00:00,CELL_003,SITE_01,SITE_01_SEC_3,5G NSA,n78,58.662,44.071,101.178,48.453,227,20.938,0.404,19.011
2024-01-04 22:00:00+00:00,CELL_003,SITE_01,SITE_01_SEC_3,5G NSA,n78,55.862,38.549,104.285,45.472,183,21.783,0.431,20.18
2024-01-04 23:00:00+00:00,CELL_003,SITE_01,SITE_01_SEC_3,5G NSA,n78,58.177,32.685,93.916,57.81,199,22.235,0.179,18.074
2024-01-05 00:00:00+00:00,CELL_003,SITE_01,SITE_01_SEC_3,5G NSA,n78,45.798,22.87,134.683,75.085,178,17.053,0.0,21.179
2024-01-05 01:00:00+00:00,CELL_003,SITE_01,SITE_01_SEC_3,5G NSA,n78,40.626,23.975,129.558,60.678,177,19.233,0.0,20.549
2024-01-05 02:00:00+00:00,CELL_003,SITE_01,SITE_01_SEC_3,5G NSA,n78,44.072,27.398,127.617,68.845,160,20.624,0.0,21.447
2024-01-05 03:00:00+00:00,CELL_003,SITE_01,SITE_01_SEC_3,5G NSA,n78,38.451,24.902,126.193,60.282,158,17.006,0.0,21.141
2024-01-05 04:00:00+00:00,CELL_003,SITE_01,SITE_01_SEC_3,5G NSA,n78,36.673,22.57,139.125,67.401,168,18.581,0.0,22.256
2024-01-05 05:00:00+00:00,CELL_003,SITE_01,SITE_01_SEC_3,5G NSA,n78,31.136,14.542,151.152,75.279,144,17.519,0.0,20.576
2024-01-05 06:00:00+00:00,CELL_003,SITE_01,SITE_01_SEC_3,5G NSA,n78,28.637,12.18,149.945,80.213,127,16.217,0.0,21.655
2024-01-05 07:00:00+00:00,CELL_003,SITE_01,SITE_01_SEC_3,5G NSA,n78,26.173,18.855,144.989,70.527,121,14.285,0.0,23.318
2024-01-05 08:00:00+00:00,CELL_003,SITE_01,SITE_01_SEC_3,5G NSA,n78,27.549,11.786,141.912,86.609,111,16.184,0.0,22.113
2024-01-05 09:00:00+00:00,CELL_003,SITE_01,SITE_01_SEC_3,5G NSA,n78,29.29,12.817,137.78,82.14,152,15.709,0.0,21.974
2024-01-05 10:00:00+00:00,CELL_003,SITE_01,SITE_01_SEC_3,5G NSA,n78,30.027,20.235,134.272,78.804,136,18.063,0.0,22.109
2024-01-05 11:00:00+00:00,CELL_003,SITE_01,SITE_01_SEC_3,5G NSA,n78,31.839,15.001,123.385,80.383,159,16.791,0.0,21.822
2024-01-05 12:00:00+00:00,CELL_003,SITE_01,SITE_01_SEC_3,5G NSA,n78,40.123,21.571,126.742,63.228,171,18.216,0.0,22.299
2024-01-05 13:00:00+00:00,CELL_003,SITE_01,SITE_01_SEC_3,5G NSA,n78,45.295,23.322,125.658,71.473,177,20.189,0.0,20.311
2024-01-05 14:00:00+00:00,CELL_003,SITE_01,SITE_01_SEC_3,5G NSA,n78,46.224,21.067,119.086,72.774,177,17.791,0.0,22.151
2024-01-05 15:00:00+00:00,CELL_003,SITE_01,SITE_01_SEC_3,5G NSA,n78,53.011,32.62,124.694,53.893,190,20.726,0.0,19.267
2024-01-05 16:00:00+00:00,CELL_003,SITE_01,SITE_01_SEC_3,5G NSA,n78,56.866,40.647,106.815,49.503,220,24.09,0.008,18.937
2024-01-05 17:00:00+00:00,CELL_003,SITE_01,SITE_01_SEC_3,5G NSA,n78,55.169,39.789,124.864,45.253,204,22.577,0.022,20.312
2024-01-05 18:00:00+00:00,CELL_003,SITE_01,SITE_01_SEC_3,5G NSA,n78,58.047,41.861,101.326,53.457,207,20.369,0.036,18.939
2024-01-05 19:00:00+00:00,CELL_003,SITE_01,SITE_01_SEC_3,5G NSA,n78,58.791,39.898,95.021,53.838,215,21.088,0.255,18.732
2024-01-05 20:00:00+00:00,CELL_003,SITE_01,SITE_01_SEC_3,5G NSA,n78,61.845,42.552,112.686,49.807,202,20.784,0.588,19.62
2024-01-05 21:00:00+00:00,CELL_003,SITE_01,SITE_01_SEC_3,5G NSA,n78,65.616,45.444,90.401,45.971,201,20.95,0.478,19.953
2024-01-05 22:00:00+00:00,CELL_003,SITE_01,SITE_01_SEC_3,5G NSA,n78,61.97,33.037,109.659,58.163,180,21.138,0.294,17.713
2024-01-05 23:00:00+00:00,CELL_003,SITE_01,SITE_01_SEC_3,5G NSA,n78,62.399,37.115,96.175,61.888,225,22.292,0.541,19.655
2024-01-06 00:00:00+00:00,CELL_003,SITE_01,SITE_01_SEC_3,5G NSA,n78,56.151,36.205,119.52,51.07,188,20.989,0.061,19.87
2024-01-06 01:00:00+00:00,CELL_003,SITE_01,SITE_01_SEC_3,5G NSA,n78,48.704,31.456,101.593,60.165,174,18.472,0.0,20.227
2024-01-06 02:00:00+00:00,CELL_003,SITE_01,SITE_01_SEC_3,5G NSA,n78,47.039,31.271,101.036,53.487,182,21.895,0.0,20.787
2024-01-06 03:00:00+00:00,CELL_003,SITE_01,SITE_01_SEC_3,5G NSA,n78,39.289,24.678,131.453,67.24,149,17.748,0.0,21.098
2024-01-06 04:00:00+00:00,CELL_003,SITE_01,SITE_01_SEC_3,5G NSA,n78,33.983,22.779,144.925,71.951,187,17.335,0.0,20.091
2024-01-06 05:00:00+00:00,CELL_003,SITE_01,SITE_01_SEC_3,5G NSA,n78,38.512,20.718,126.684,65.007,146,16.69,0.0,20.117
2024-01-06 06:00:00+00:00,CELL_003,SITE_01,SITE_01_SEC_3,5G NSA,n78,30.475,15.77,137.002,74.126,148,17.592,0.0,21.312
2024-01-06 07:00:00+00:00,CELL_003,SITE_01,SITE_01_SEC_3,5G NSA,n78,33.29,23.312,135.704,63.944,144,16.294,0.0,21.737
2024-01-06 08:00:00+00:00,CELL_003,SITE_01,SITE_01_SEC_3,5G NSA,n78,33.645,21.983,140.15,73.791,147,18.477,0.0,22.557
2024-01-06 09:00:00+00:00,CELL_003,SITE_01,SITE_01_SEC_3,5G NSA,n78,34.579,23.969,135.294,63.551,153,18.374,0.0,20.896
2024-01-06 10:00:00+00:00,CELL_003,SITE_01,SITE_01_SEC_3,5G NSA,n78,36.845,21.059,142.615,66.629,146,17.326,0.0,20.371
2024-01-06 11:00:00+00:00,CELL_003,SITE_01,SITE_01_SEC_3,5G NSA,n78,35.202,24.352,129.544,58.531,192,18.712,0.0,22.353
2024-01-06 12:00:00+00:00,CELL_003,SITE_01,SITE_01_SEC_3,5G NSA,n78,43.901,24.691,126.796,65.406,165,18.428,0.0,19.343
2024-01-06 13:00:00+00:00,CELL_003,SITE_01,SITE_01_SEC_3,5G NSA,n78,50.801,24.35,117.493,68.383,174,20.837,0.0,20.989
2024-01-06 14:00:00+00:00,CELL_003,SITE_01,SITE_01_SEC_3,5G NSA,n78,57.38,37.36,108.541,52.311,208,19.568,0.203,19.901
2024-01-06 15:00:00+00:00,CELL_003,SITE_01,SITE_01_SEC_3,5G NSA,n78,62.684,35.119,99.055,56.281,191,19.767,0.459,17.318
2024-01-06 16:00:00+00:00,CELL_003,SITE_01,SITE_01_SEC_3,5G NSA,n78,60.888,43.157,88.076,47.353,229,21.793,0.651,18.685
2024-01-06 17:00:00+00:00,CELL_003,SITE_01,SITE_01_SEC_3,5G NSA,n78,65.834,47.012,96.902,37.953,206,22.328,0.21,17.783
2024-01-06 18:00:00+00:00,CELL_003,SITE_01,SITE_01_SEC_3,5G NSA,n78,72.331,44.646,76.363,46.483,219,23.934,1.063,15.851
2024-01-06 19:00:00+00:00,CELL_003,SITE_01,SITE_01_SEC_3,5G NSA,n78,68.72,43.243,90.454,50.257,215,22.629,0.581,18.281
2024-01-06 20:00:00+00:00,CELL_003,SITE_01,SITE_01_SEC_3,5G NSA,n78,74.842,43.474,80.431,56.502,228,23.614,1.184,19.121
2024-01-06 21:00:00+00:00,CELL_003,SITE_01,SITE_01_SEC_3,5G NSA,n78,70.168,42.661,83.227,53.743,215,23.504,0.805,17.374
2024-01-06 22:00:00+00:00,CELL_003,SITE_01,SITE_01_SEC_3,5G NSA,n78,65.293,49.056,85.656,50.553,207,22.785,0.63,18.652
2024-01-06 23:00:00+00:00,CELL_003,SITE_01,SITE_01_SEC_3,5G NSA,n78,64.116,39.073,92.74,54.36,187,24.479,0.473,16.77
2024-01-07 00:00:00+00:00,CELL_003,SITE_01,SITE_01_SEC_3,5G NSA,n78,60.936,48.738,91.249,46.654,214,20.859,0.026,18.812
2024-01-07 01:00:00+00:00,CELL_003,SITE_01,SITE_01_SEC_3,5G NSA,n78,57.189,27.969,102.877,61.389,177,21.624,0.0,20.068
2024-01-07 02:00:00+00:00,CELL_003,SITE_01,SITE_01_SEC_3,5G NSA,n78,48.922,36.902,105.215,57.03,152,21.825,0.0,20.593
2024-01-07 03:00:00+00:00,CELL_003,SITE_01,SITE_01_SEC_3,5G NSA,n78,48.265,25.819,105.147,59.079,169,20.204,0.0,20.426
2024-01-07 04:00:00+00:00,CELL_003,SITE_01,SITE_01_SEC_3,5G NSA,n78,40.534,26.317,136.532,66.618,153,19.968,0.0,20.808
2024-01-07 05:00:00+00:00,CELL_003,SITE_01,SITE_01_SEC_3,5G NSA,n78,38.486,22.207,122.238,62.826,153,16.461,0.0,19.97
2024-01-07 06:00:00+00:00,CELL_003,SITE_01,SITE_01_SEC_3,5G NSA,n78,41.283,19.201,138.595,68.576,142,18.991,0.0,21.294
2024-01-07 07:00:00+00:00,CELL_003,SITE_01,SITE_01_SEC_3,5G NSA,n78,33.941,20.119,153.75,62.912,123,16.173,0.0,19.938
2024-01-07 08:00:00+00:00,CELL_003,SITE_01,SITE_01_SEC_3,5G NSA,n78,42.886,36.279,111.541,44.35,158,18.569,0.0,19.983
2024-01-07 09:00:00+00:00,CELL_003,SITE_01,SITE_01_SEC_3,5G NSA,n78,41.016,27.011,122.1,58.832,166,19.362,0.0,21.518
2024-01-07 10:00:00+00:00,CELL_003,SITE_01,SITE_01_SEC_3,5G NSA,n78,45.36,22.436,112.719,63.404,149,20.164,0.0,21.36
2024-01-07 11:00:00+00:00,CELL_003,SITE_01,SITE_01_SEC_3,5G NSA,n78,47.766,30.449,119.274,61.414,193,21.419,0.0,19.905
2024-01-07 12:00:00+00:00,CELL_003,SITE_01,SITE_01_SEC_3,5G NSA,n78,48.365,32.799,114.302,65.381,195,17.374,0.0,20.095
2024-01-07 13:00:00+00:00,CELL_003,SITE_01,SITE_01_SEC_3,5G NSA,n78,53.435,42.665,104.601,49.598,185,18.146,0.0,20.61
2024-01-07 14:00:00+00:00,CELL_003,SITE_01,SITE_01_SEC_3,5G NSA,n78,58.59,33.011,111.625,61.225,216,20.828,0.132,18.589
2024-01-07 15:00:00+00:00,CELL_003,SITE_01,SITE_01_SEC_3,5G NSA,n78,62.158,34.36,87.809,49.539,195,22.209,0.405,20.558
2024-01-07 16:00:00+00:00,CELL_003,SITE_01,SITE_01_SEC_3,5G NSA,n78,67.297,42.909,87.118,52.958,219,23.698,0.68,18.386
2024-01-07 17:00:00+00:00,CELL_003,SITE_01,SITE_01_SEC_3,5G NSA,n78,71.612,38.928,78.348,47.398,211,23.986,1.07,17.454
2024-01-07 18:00:00+00:00,CELL_003,SITE_01,SITE_01_SEC_3,5G NSA,n78,75.918,42.933,71.988,52.224,227,23.332,1.248,17.705
2024-01-07 19:00:00+00:00,CELL_003,SITE_01,SITE_01_SEC_3,5G NSA,n78,74.348,41.082,86.793,52.338,232,26.582,1.253,17.775
2024-01-07 20:00:00+00:00,CELL_003,SITE_01,SITE_01_SEC_3,5G NSA,n78,75.341,48.59,87.619,45.647,218,24.362,1.154,19.523
2024-01-07 21:00:00+00:00,CELL_003,SITE_01,SITE_01_SEC_3,5G NSA,n78,75.585,46.41,85.701,44.305,253,24.1,1.068,18.279
2024-01-07 22:00:00+00:00,CELL_003,SITE_01,SITE_01_SEC_3,5G NSA,n78,68.645,36.39,79.612,52.211,203,23.745,0.648,18.685
2024-01-07 23:00:00+00:00,CELL_003,SITE_01,SITE_01_SEC_3,5G NSA,n78,65.717,38.898,96.041,49.424,220,22.709,0.976,18.727
